season,contestant_id,celebrity_name,mu_mean,mu_median,mu_q025,mu_q975,mu_rank
1,0,Evander Holyfield,0.08642272828305406,0.1332703448869086,-1.6444566430361887,1.6398295144333856,4
1,1,Joey McIntyre,0.1778388655423363,0.20497150971173658,-1.6278161982997112,1.8740595375875322,2
1,2,John O'Hurley,0.12974123636542828,0.16286003223721107,-1.7085541917931684,1.8179549073941863,3
1,3,Kelly Monaco,0.28711769756287797,0.3001418428238327,-1.5457325974043747,2.06985346255395,1
1,4,Rachel Hunter,-0.2507285845433961,-0.28214547739644197,-1.965494843851861,1.5639112487826408,5
1,5,Trista Sutter,-0.43039194321030044,-0.4631295987413314,-1.9660437588273878,1.290235146800983,6
2,0,Drew Lachey,0.08308208689738257,0.054255173912161725,-1.6861520299660249,1.9647480030833107,4
2,1,George Hamilton,0.049101864437307984,0.07342192837174585,-1.6626243555017484,1.5185843465856186,5
2,2,Giselle Fernandez,-0.5573260488334769,-0.6096768601454757,-2.224895193884129,1.3215897732342088,10
2,3,Jerry Rice,0.6734415532827793,0.7322892977215004,-1.1731221500321332,2.4236600781961486,1
2,4,Kenny Mayne,-0.4131989484541245,-0.3935951083414463,-2.1623136062577992,1.1908302723269075,9
2,5,Lisa Rinna,0.036600239367882946,-0.01190064935982809,-1.5408222178061752,1.7552194747541936,6
2,6,Master P,0.5285500020152684,0.5941909701148761,-1.2495806662132527,2.0018832407725613,2
2,7,Stacy Keibler,0.19153409995709877,0.18064036638221145,-1.504778759227973,1.9122534985985107,3
2,8,Tatum O'Neal,-0.3992997512078774,-0.4094389603561001,-1.973992337053694,1.1369946668632893,8
2,9,Tia Carrere,-0.1924850974622412,-0.21316155760157318,-1.8553149809568883,1.4132901498196226,7
3,0,Emmitt Smith,-0.12536249030023686,-0.1323901942765972,-2.00315825305154,1.7598945132507466,11
3,1,Harry Hamlin,-0.04098797947077817,-0.06863444561923829,-1.8740247594141515,1.8630479943103213,8
3,2,Jerry Springer,0.0035919798242336556,-0.011006376865079368,-1.90212764368782,1.9421987662045475,7
3,3,Joey Lawrence,0.09632400484002743,0.0895401322156916,-1.7217953824940713,1.888185667025874,1
3,4,Mario Lopez,0.06356576105904213,0.10107776750593742,-1.9410634804016471,1.8644598487404576,2
3,5,Monique Coleman,0.05632666765712519,0.0331482327614719,-1.6333344854105067,1.7635289262803218,3
3,6,Sara Evans,-0.06240075155287289,-0.09184402330052513,-1.8284655935841927,1.688518790367569,10
3,7,Shanna Moakler,0.0199962325781526,0.01727306058338164,-1.862109477928374,2.088384368816531,5
3,8,Tucker Carlson,0.01590039440246548,0.020254513331098803,-1.798967362163617,1.946780727652099,6
3,9,Vivica A. Fox,0.033297511105165135,0.05015954848302975,-1.8363170924064955,1.7316992728050595,4
3,10,Willa Ford,-0.06025133014232368,-0.03966313698463213,-1.8984298294877502,1.7026327477982615,9
4,0,Apolo Anton Ohno,0.09144735791609346,0.0876251369288193,-1.815022000153421,1.8904310682411585,2
4,1,Billy Ray Cyrus,-0.057042803506081756,-0.07659237680385883,-1.678212091984062,1.7419119979258761,10
4,2,Clyde Drexler,0.010408450383166304,0.03154768643634921,-1.9326899166637597,1.8602219157644815,4
4,3,Heather Mills,-0.09733669605912448,-0.1383891853394414,-1.7800611551508922,1.757518409096711,11
4,4,Ian Ziering,0.017262614692256865,0.022896883459307772,-1.8444718749477622,1.9645925596298592,3
4,5,Joey Fatone,-0.015292756174298754,-0.021277973448816358,-1.8815307905923078,1.8049791319790895,7
4,6,John Ratzenberger,-0.016344096753521182,-0.02475143381187552,-1.834139027282146,1.8472539282274127,8
4,7,Laila Ali,0.11415567336484088,0.1136512005237646,-1.6992576224221743,1.995475396000286,1
4,8,Leeza Gibbons,0.005441665801986828,0.010771174444025873,-1.6311947789574108,1.7659723621133758,5
4,9,Paulina Porizkova,-0.0007165316665107666,-0.005563315033621563,-1.7935214766607395,1.7825674068508515,6
4,10,Shandi Finnessey,-0.05198287799880736,-0.053250591577401626,-1.7973122857888348,1.6915570653328773,9
5,0,Albert Reed,-0.07223878089147494,-0.09385658262145648,-1.8624837501605258,1.777814020948651,11
5,1,Cameron Mathison,-0.03652770084836665,-0.06043302133956271,-1.7128414466938338,1.6537269301033963,9
5,2,Floyd Mayweather Jr. ,-0.08298547977454322,-0.07590015169035043,-1.8901806165938857,1.6428086291600064,12
5,3,Helio Castroneves,0.07719604348231242,0.0814129767733522,-1.9877100197012145,2.036301203691089,3
5,4,Jane Seymour,0.10442410257453529,0.07408468402070872,-1.853507398716947,2.1922923110310584,1
5,5,Jennie Garth,-0.007380116986862756,-0.010588191994230098,-1.8106934767899043,1.78693287674179,6
5,6,Josie Maran,0.005778278607038488,0.026277544324823703,-1.8768710778118252,1.959971313194645,4
5,7,Marie Osmond,0.08906260949818674,0.03968282535069584,-1.880524031559986,1.9489734185221985,2
5,8,Mark Cuban,-0.017968635985277013,0.0036880478073003354,-1.8086637183699146,1.903881122132844,7
5,9,Mel B,0.0011478811978089234,0.020082729475326983,-1.9223805394951152,1.9413690674417254,5
5,10,Sabrina Bryan,-0.022456301367538577,-0.017863136103115587,-1.840232673556777,1.7310353334227144,8
5,11,Wayne Newton,-0.03805189950581867,-0.04194599265390418,-1.8849131378653126,1.8268534435579287,10
6,0,Adam Carolla,0.03345071329086744,0.04771848982390439,-1.7923895650229338,1.8445580922977698,3
6,1,Cristian de la Fuente,0.025714184769283388,0.00012651503561914024,-1.7827275063813415,1.9944918342661075,6
6,2,Jason Taylor,-0.060626788520857455,-0.05842493350946458,-1.874272557751811,1.7151940619583186,12
6,3,Kristi Yamaguchi,-0.040488404625209175,-0.017618296041008005,-1.8112635660748098,1.7717564531166394,10
6,4,Mario,0.02704758605625646,0.05031238083047232,-1.8508013040799884,1.8479337488834215,5
6,5,Marissa Jaret Winokur,0.033190640203657154,-0.0026078721734228046,-1.809421016408081,1.9187075141720111,4
6,6,Marlee Matlin,-0.031376864846256416,-0.030488239510735888,-1.946771534989146,1.8935711698991744,8
6,7,Monica Seles,-0.036753188444892726,-0.055033290261353604,-1.7705460459935112,1.7111560241463801,9
6,8,Penn Jillette,-0.048380324876622485,-0.0574577160372665,-1.798603749672758,1.8189436712476454,11
6,9,Priscilla Presley,0.05106246737223635,0.07004041408025224,-1.7983194298631713,1.8563337792157115,1
6,10,Shannon Elizabeth,0.011791873751042835,0.022189633057024188,-1.8435705541106693,1.8805556515192858,7
6,11,Steve Guttenberg,0.035368105870494625,0.07988897306590842,-1.7913855135710643,1.7814670816061524,2
7,0,Brooke Burke,0.06296127837854544,-0.006134704303032881,-1.635695762111396,1.8696434512418945,2
7,1,Cloris Leachman,-0.04019097991481965,-0.026267672000077763,-1.936389871863243,1.796609384436077,9
7,2,Cody Linley,0.04552727050981493,0.05953570226717006,-1.8779558276416652,1.865646675860828,3
7,3,Jeffrey Ross,-0.05252001470829277,-0.029123546568392375,-1.9064348812126342,1.7678615463298413,11
7,4,Kim Kardashian,-0.04644486751756017,-0.04118549937466545,-1.9619275780638379,1.8514007296371338,10
7,5,Lance Bass,0.036586424996152854,0.05495311316773465,-1.8447764311842842,1.82667743039569,5
7,6,Maurice Greene,-0.0806888792506623,-0.07317725601964278,-2.004387273960796,1.8144730119812758,12
7,7,Misty May-Treanor,0.011210687888730043,-0.02695712088999459,-1.6703817361810096,1.8569687060129518,7
7,8,Rocco DiSpirito,0.03441293514551112,0.04073240380258911,-1.8604211422466503,1.9588097758234406,6
7,9,Susan Lucci,-0.015487548262412405,-0.04767479788492035,-1.6294566672963031,1.78930212110486,8
7,10,Ted McGinley,0.044838817827399194,0.04907872318778575,-1.8699049236585525,1.8280554800742403,4
7,11,Toni Braxton,-0.13778348917477437,-0.16251870600809606,-2.0200141292628593,1.6876592169017486,13
7,12,Warren Sapp,0.1375783640823681,0.15379969652320225,-1.8555100217637353,2.0054715182331275,1
8,0,Belinda Carlisle,-0.009668667723950019,-0.009739220309448036,-1.8968728372158894,1.9433827997615791,8
8,1,Chuck Wicks,-0.10357822513368098,-0.09403602817015873,-2.0842544918241352,1.7892141376077586,13
8,2,David Alan Grier,-0.07143108276281708,-0.07671563694488111,-1.9026253980534718,1.8766160295357224,12
8,3,Denise Richards,0.022395208606389074,0.08669516160404221,-1.8957855305352176,1.6728184843933276,6
8,4,Gilles Marini,0.016936474838097515,0.017196005191556923,-1.7367258837242672,1.873087534638382,7
8,5,Holly Madison,0.04582800333929602,0.06332944719319561,-1.7097972354542468,1.7466314671639185,3
8,6,Lawrence Taylor,0.04509652082455437,0.06784193627423607,-1.8148631980967795,1.7498596106477946,4
8,7,Lil' Kim,-0.04486572635103747,-0.02891947188601987,-2.0010847837885546,1.7797020954866822,10
8,8,Melissa Rycroft,0.04804245673079422,0.058060836687662834,-1.8501921234501455,1.7048120154345978,2
8,9,Shawn Johnson,0.03450983339966971,0.025507396103665453,-1.8026243076076287,1.8388498216855809,5
8,10,Steve Wozniak,-0.016398857390377483,-0.010794262311414454,-1.8663648891490074,1.8845764484419019,9
8,11,Steve-O,-0.05335027423369965,-0.05202275710333247,-2.1624149115259073,1.8771266224482708,11
8,12,Ty Murray,0.08648433585676181,0.0964692277103897,-1.8055891271584619,1.8569915038375335,1
9,0,Aaron Carter,-0.06805596226330034,-0.009886385448501941,-2.169887957175064,1.7659181921204652,12
9,1,Ashley Hamiliton,0.04892985471132406,0.09782779014011231,-1.9778756365799952,1.730226955325191,6
9,2,Chuck Liddell,-0.09690239437847128,-0.08424877022223787,-2.1908029304974193,1.7705913713071098,15
9,3,Debi Mazar,-0.13961545625544286,-0.1249649914913141,-2.026751367186927,1.740645236540339,16
9,4,Donny Osmond,-0.022308322805587713,-0.033090318975925986,-1.8328842970089942,1.828677266813391,10
9,5,Joanna Krupa,0.019286180369234216,0.0007843558066787451,-1.8807545320185357,2.1187550320036426,9
9,6,Kathy Ireland,-0.046939887765278854,-0.03773961367147918,-1.9081334942433654,1.8565626199942658,11
9,7,Kelly Osbourne,0.02870752148845617,0.0368108636233761,-1.8828767080319155,1.9140302389179906,7
9,8,Louie Vito,0.06515222378934987,0.0780167183337333,-1.9277091321682949,2.0477114320173424,4
9,9,Macy Gray,0.02834884814448464,0.010645448325101194,-1.8962978266405572,1.8945208252155277,8
9,10,Mark Dacascos,0.0524837697523154,0.05512365618782395,-1.7419196436281712,2.060789391612075,5
9,11,Melissa Joan Hart,-0.0858121810743242,-0.031958646269821714,-2.011763498343227,1.7761957015768572,13
9,12,Michael Irvin,0.16441330544471508,0.15851156848343323,-1.6757100362762354,2.0174822708915947,1
9,13,Mya,0.07763546861495302,0.11689351165484435,-1.812104795023465,1.7848505239898196,2
9,14,Natalie Coughlin,0.06639715554228443,0.11271555061115371,-1.8587617510766952,1.9477340678581307,3
9,15,Tom DeLay,-0.09172012331471159,-0.10257091299021534,-1.7371552820039393,1.7405836403032635,14
10,0,Aiden Turner,-0.030624494229112575,-0.028535514853161234,-1.9636041855610964,2.0559282840697555,9
10,1,Buzz Aldrin,-0.015622556118569131,7.024143937189864e-05,-2.017003528322235,1.9315273794869934,8
10,2,Chad Ochocinco,0.016485280173607772,-0.002561567047091408,-1.9133106620593385,1.971655411316921,3
10,3,Erin Andrews,0.004607802433505531,0.004516310744709158,-1.9597647324490335,1.8639317511326488,7
10,4,Evan Lysacek,0.06041279421480224,0.04001074707070082,-1.7336620449473492,1.9579453376386335,2
10,5,Jake Pavelka,0.007750155809488683,-0.009814560428310798,-1.849957292477619,1.969830823551848,6
10,6,Kate Gosselin,-0.07337123782560422,-0.08447076709854696,-1.8303887352247221,1.7310318099871393,11
10,7,Nicole Scherzinger,0.08079305111468384,0.10374734102930357,-1.698235727757654,1.8205179115912404,1
10,8,Niecy Nash,0.010407911848466588,0.009547457721184167,-1.9074080815749532,1.9162439330341634,4
10,9,Pamela Anderson,0.008206312390680938,-0.04249026912836987,-1.6693523756940254,1.9831380796479665,5
10,10,Shannen Doherty,-0.06904501981194966,-0.0878039852640546,-1.8207101941154886,1.856797756074503,10
11,0,Audrina Patridge,0.07531248490054104,0.09783673478537697,-1.7628743179107556,1.8484110070288744,2
11,1,Brandy,0.09141173079396674,0.08139845823799105,-1.791565242759046,1.9663566689696366,1
11,2,Bristol Palin,-0.00763302220072621,-0.02949435144874779,-1.8680928487893613,1.9483873412622998,7
11,3,David Hasselhoff,-0.03623039462437669,-0.01819572959339706,-2.019054028432121,1.8921160947290097,10
11,4,Florence Henderson,-0.10678977192007753,-0.13967248069524965,-1.8386435886337151,1.7083704995236724,12
11,5,Jennifer Grey,0.050877559115714864,0.021291352949451493,-1.771075872362185,1.9875658852301032,3
11,6,Kurt Warner,-0.09173167240158324,-0.09197044417373004,-2.0427625785700845,1.8203719246434535,11
11,7,Kyle Massey,0.03987686252621948,0.06576303510750031,-1.9668293829293755,1.8918848756986186,4
11,8,Margaret Cho,-0.0291643585809985,-0.02685797676648219,-1.9436266554963202,1.6283196667206397,9
11,9,Michael Bolton,0.015500573019295822,0.016640777770826648,-1.9568537167282225,1.8176275666545456,5
11,10,Rick Fox,-0.015806660686614817,-0.006824916356780397,-1.8868392726314092,1.7766057527457384,8
11,11,The Situation,0.014376670058639102,0.022457173444496055,-1.8641229781334319,1.9776380688519417,6
12,0,Chelsea Kane,0.0025853333368564633,0.006793107058454581,-1.8518434922310232,1.7298254828669517,5
12,1,Chris Jericho,-0.00612803337298619,0.034835133353811554,-2.0103922539541714,1.7331723343557859,7
12,2,Hines Ward,-0.0009609739807853322,0.04539199699605681,-1.9299073095318648,1.7809482218749078,6
12,3,Kendra Wilkinson,0.01453787246870176,0.010555970187491888,-1.7705077871820587,1.7724182107277116,4
12,4,Kirstie Alley,-0.021749627860553428,-0.00622402683082196,-1.837644556864214,1.7642429490516742,9
12,5,Mike Catherwood,-0.1391107823083055,-0.14604874871228435,-1.9051879743841984,1.754092501461806,11
12,6,Petra Nemcova,0.05091378950667229,0.06668913176963534,-1.882099356503409,1.9941520963110428,2
12,7,Ralph Macchio,0.03473903575297358,0.08095694631562386,-2.081015375182226,1.8895525722746236,3
12,8,Romeo,0.15659542113828429,0.12668007482893112,-1.778145388577706,2.2216191689536933,1
12,9,Sugar Ray Leonard,-0.07383695899169422,-0.011473992078295539,-2.0299906697772565,1.576139848106396,10
12,10,Wendy Williams,-0.017585075689163652,0.005545808342941674,-1.9554351679776891,1.7953736644762412,8
13,0,Carson Kressley,-0.046536921204246746,-0.02371463856373476,-1.8571908986600063,1.7391032721154842,8
13,1,Chaz Bono,-0.12440835226705031,-0.07848405564154351,-1.9865532694212138,1.741953532730586,12
13,2,Chynna Phillips,-0.0453260136953026,-0.05996207041528207,-1.9352353154548951,1.825716946342916,7
13,3,David Arquette,-0.019438482717598852,-0.028956774316296965,-1.7449800280303762,1.7175610060222464,6
13,4,Elisabetta Canalis,-0.06155692664977313,-0.06065505343948084,-1.931751385803555,1.786872965760926,11
13,5,Hope Solo,0.0214050535560225,-0.024261156380583775,-1.730316701853679,1.845776299262401,5
13,6,J.R. Martinez,0.08113141927081954,0.08330604682610726,-1.648763534256439,1.9783488835253855,3
13,7,Kristin Cavallari,0.11777903199936329,0.10383701030712225,-1.7724586445628765,2.028243045165525,2
13,8,Metta World Peace (Ron),0.06302097248078338,0.0679483037241237,-1.7883818119049635,1.930869381086223,4
13,9,Nancy Grace,-0.05076039289035936,-0.09794505908344656,-1.809812190602563,1.8301028333829317,9
13,10,Ricki Lake,-0.055298404585223504,-0.0387796076679609,-1.9245837799959002,1.7105735088715992,10
13,11,Rob Kardashian,0.11998901670256575,0.10532958474065884,-1.73345903965826,2.017995381378808,1
14,0,Donald Driver,0.07044390290723207,0.12193580637797091,-1.6462249226908794,1.8698183067758098,2
14,1,Gavin DeGraw,-0.05366956774037047,-0.07406386696124545,-1.941940111744332,1.766406881472976,10
14,2,Gladys Knight,-0.059142214165206736,-0.030209112925345255,-2.031238849874757,1.8277670456358521,11
14,3,Jack Wagner,-0.039464200661379636,-0.07856081928244724,-1.864863853899651,1.8961554570845411,8
14,4,Jaleel White,-0.04917133171984992,-0.02400694889089174,-1.7717279359976152,1.6720078563629073,9
14,5,Katherine Jenkins,0.06289482486882737,0.013264506192227632,-1.839881310532372,2.0512614904861106,4
14,6,Maria Menounos,-0.01664504919549781,0.018460292219950693,-1.974027380401735,1.8471352023004155,7
14,7,Martina Navratilova,0.06522876657905444,0.03417013614429965,-1.9250027339753775,2.0267895122475212,3
14,8,Melissa Gilbert,0.004322965260388469,0.035103276367981856,-1.8487770551708023,1.9190816296007294,5
14,9,Roshon Fegan,-0.12001708700357762,-0.14562683197108914,-2.009684132066501,1.7463074049877354,12
14,10,Sherri Sheperd,-0.005815093417286735,-0.060008511749269695,-1.9030731552636246,1.9990713389725696,6
14,11,William Levy,0.14103408428766656,0.16061365945968892,-1.7983550784108608,2.080599012501378,1
15,0,Apolo Anton Ohno,-0.08050642076533923,-0.048907333976279166,-2.026675604145628,1.7763276042976306,12
15,1,Bristol Palin,-0.011168235759194064,0.005103533266563438,-1.9540572539475962,1.9397992240954847,7
15,2,Drew Lachey,-0.015409936520206844,0.014397952857712754,-1.759937409396355,1.8079741252595027,9
15,3,Emmitt Smith,0.0007743078737296038,-0.02559889682239533,-1.700911932290188,1.7063157042472494,6
15,4,Gilles Marini,0.03195599209923075,0.036830882338162244,-1.9540673894870484,1.867838302525894,3
15,5,Helio Castroneves,-0.11591064503837126,-0.11203743689330821,-1.9524796616646392,1.7222565772229124,13
15,6,Joey Fatone,-0.013555764454685967,-0.015136548698873147,-1.8825729724077709,1.7745570015801817,8
15,7,Kelly Monaco,-0.0212720111128088,-0.028565714660266993,-1.9933458277010392,1.7283507359881032,10
15,8,Kirstie Alley,0.0035607064938030595,0.01000259285993578,-1.7285949210717333,1.810893735367546,5
15,9,Melissa Rycroft,0.08638790465472804,0.10537634314345434,-1.8501499089082614,1.8910447377523767,2
15,10,Pamela Anderson,0.009787195336629917,-0.00814806411393543,-1.8324614689435053,1.800228445921591,4
15,11,Sabrina Bryan,-0.0480615661836883,-0.03906411805474962,-1.8781528976720436,1.7839099181084035,11
15,12,Shawn Johnson,0.17341847337617305,0.16519432412137774,-1.5713374157806308,2.010924966893546,1
16,0,Alexandra Raisman,-0.010265448265674987,0.029933949160879367,-2.0363342805856637,1.8441755549656107,6
16,1,Andy Dick,-0.004042121607735337,0.0058553701608855604,-2.0135280290659208,1.9661117816211937,5
16,2,D. L. Hughley,-0.010478178644671677,-0.02399541095037344,-1.7154509375981724,1.8695132475026819,7
16,3,Dorothy Hamill,-0.05559794124478735,-0.06273591444611695,-1.9373840899403543,1.7980281652265968,10
16,4,Ingo Rademacher,-0.054147695832442,-0.05448262162647736,-1.9118225497238752,1.8553630201672187,9
16,5,Jacoby Jones,0.19138909917044353,0.20064454882824267,-1.5910131632277902,2.0144480806240033,1
16,6,Kellie Pickler,0.08010245738179411,0.05364207211432487,-1.7248464775996795,1.9144608297980115,2
16,7,Lisa Vanderpump,-0.04561879846268226,-0.0453281596337754,-1.9371081709020537,1.760206231053023,8
16,8,Sean Lowe,0.052479204351890754,0.06408198491382418,-1.8647774831359352,2.089013568029158,4
16,9,Victor Ortiz,-0.10420596215524755,-0.08082323086628611,-2.06157063288476,1.7803209450463797,12
16,10,Wynonna Judd,-0.09748438716508362,-0.10663438127776333,-1.97630297506241,1.8038501034394332,11
16,11,Zendaya,0.05786977247419638,0.07056226527416312,-1.918811982451666,1.8917084257476073,3
17,0,Amber Riley,0.038103538368597666,0.04336158036150385,-1.7727424731007193,1.8481187127662448,3
17,1,Bill Engvall,0.0011945206018428797,-0.02449699694699206,-1.8011707240697796,1.949665250411247,6
17,2,Bill Nye,-0.06681802380784431,-0.08654407215187387,-1.8702948089769622,1.7414591884533934,11
17,3,Brant Daugherty,-0.03250249020623642,-0.016109732053494148,-1.940759685606996,1.7703313617289105,8
17,4,Christina Milian,-0.05021942625149333,-0.038200779981911216,-1.8663190563051013,1.7567415621615194,10
17,5,Corbin Bleu,0.10727722166180484,0.11140242393929672,-1.6570987423661492,2.005785567269485,1
17,6,Elizabeth Berkley Lauren,0.0774796855806213,0.0808304838664825,-1.6911698233666932,1.9193938831765516,2
17,7,Jack Osbourne,-0.03981623708222669,-0.017697142641442138,-1.9707351669623827,1.8406034525935797,9
17,8,Keyshawn Johnson,0.012585696468266667,0.013554935858902363,-1.7767922930924842,1.7997271001458686,5
17,9,Leah Remini,-0.001124162017562088,-0.0010899804736611168,-1.8526880262112129,1.7637940226734465,7
17,10,"Nicole ""Snooki"" Polizzi",-0.07291036548436454,-0.08034909002205169,-1.8999324267326816,1.6759382798369058,12
17,11,Valerie Harper,0.026750042168594012,0.05972641910952127,-1.9156738761878098,1.7269937439503575,4
18,0,Amy Purdy,0.025733184383044082,0.0359261360868411,-1.8598677888762982,1.8748333022690684,6
18,1,Billy Dee Williams,-0.06850845803349916,-0.11108393751993369,-1.7948957644104044,1.6465169042522354,9
18,2,Candace Cameron Bure,-0.08016389991773533,-0.08706886640630936,-1.911277798609275,1.6875672439966543,12
18,3,Charlie White,0.09439692278968342,0.11092065733922535,-1.8911578663161215,2.011338278918614,2
18,4,Cody Simpson,-0.07627148787889151,-0.0766905950856822,-1.8151356427896492,1.6241430758494453,11
18,5,Danica McKellar,0.06414366671372056,0.0824603618191923,-1.8748736773394827,1.8306050160202285,3
18,6,Diana Nyad,0.03333030609020224,0.0056739435518913875,-1.8036155387227608,1.936922767438557,5
18,7,Drew Carey,0.06222822661000142,0.0662359347931703,-1.681361453003077,1.853786253865084,4
18,8,James Maslow,-0.07093916531821942,-0.07741502982824157,-1.748278800442156,1.724943132854577,10
18,9,Meryl Davis,0.10668311223153801,0.13923796388637366,-1.6606714476335802,1.9010609367585383,1
18,10,NeNe Leakes,-0.03761575972550232,-0.016735266822821733,-1.9201928804618709,1.7368248123988292,7
18,11,Sean Avery,-0.053016647944341994,-0.025880333120515096,-2.0234047661969434,1.7738819953828722,8
19,0,Alfonso Ribeiro,-0.030788220099800315,-0.04661302003266575,-2.004970273462021,1.9360831972232397,9
19,1,Antonio Sabato Jr.,0.10080436416507858,0.09875533948908669,-1.7926883430418625,2.0266342331245264,2
19,2,Bethany Mota,-0.014800972771718521,-0.0006740134735210568,-1.953935747313113,1.7461867719251856,8
19,3,Betsey Johnson,-0.07432402826562916,-0.04967700764884066,-2.026760771407147,1.9461889995738906,12
19,4,Janel Parrish,-0.0070668945159889935,-0.03631019789374293,-1.917178260836798,1.8431315141442255,7
19,5,Jonathan Bennett,0.012812641120636705,0.01568773560786863,-1.9112920428754652,1.7962807620215637,6
19,6,Lea Thompson,0.03308891041415087,-0.01111776000721957,-1.781323083531611,1.8851785815206328,4
19,7,Lolo Jones,0.11398814105961463,0.08843385901694703,-1.6668573332528065,1.9074278750355043,1
19,8,Michael Waltrip,-0.049738149195301326,-0.006617465597201922,-1.8485648318745922,1.7106256085036968,10
19,9,Randy Couture,0.03807963269877936,0.07364571276025014,-1.9333559704142929,1.9071217869046544,3
19,10,Sadie Robertson,-0.09117673188049104,-0.03831961928486452,-1.9040310538949992,1.5837185722731908,13
19,11,Tavis Smiley,0.028526533570911426,0.026848092168767226,-1.7868895422248336,1.8582203859262392,5
19,12,Tommy Chong,-0.05940522630024229,-0.04238873120196861,-1.927211140597537,1.79211226773849,11
20,0,Charlotte McKinney,-0.11294684922467098,-0.08590870656132751,-2.0053490353733117,1.6640776014347327,11
20,1,Chris Soules,-0.06144023346980178,-0.07327874330825684,-2.016676749364703,1.8283159838743994,9
20,2,Michael Sam,-0.11873022635962359,-0.1146073815398218,-1.926082766251193,1.6630790362167762,12
20,3,Nastia Liukin,-0.03716860618183403,-0.010915382455317951,-1.8145869785754638,1.8632563959109882,7
20,4,Noah Galloway,0.15758060565475931,0.19753389529207543,-1.8854039819907928,1.9285436229726638,1
20,5,Patti LaBelle,0.03940271610754897,0.04552623866820301,-1.8333857273628995,1.9542542797190627,4
20,6,Redfoo,-0.01583945718426137,-0.0010516333741254075,-1.8586180720586434,1.7209996884028398,6
20,7,Riker Lynch,0.06853981881089048,0.09405589558016828,-1.877420240415776,1.8816852089554614,3
20,8,Robert Herjavec,0.039080264300149534,0.04880728633504596,-1.7454756500284645,1.8926151425304318,5
20,9,Rumer Willis,0.15702401291248574,0.13271127904986302,-1.5559779554431934,1.91103377187413,2
20,10,Suzanne Somers,-0.06867622550588562,-0.06871567914979032,-1.798729550825846,1.65807298660002,10
20,11,Willow Shields,-0.04682581985975673,-0.07604566171144339,-1.793253584631311,1.8248601957763841,8
21,0,Alek Skarlatos,0.0066439650516124105,-0.0023624754280328897,-1.7005654086313027,1.7833759574668937,6
21,1,Alexa PenaVega,-0.08771089003898021,-0.10524306246091182,-1.8124715652308045,1.7618129404793794,13
21,2,Andy Grammer,-0.06817536900095712,-0.06831065662584096,-1.948280199415165,1.8536262325490405,11
21,3,Bindi Irwin,0.10118228468229773,0.12596286268876478,-1.8708048439998006,1.8757444455810182,1
21,4,Carlos PenaVega,-0.03015004314519051,-0.021652717998962203,-1.8400697499867895,1.7257487099801236,10
21,5,Chaka Khan,0.03241770564807789,0.027518711895276535,-1.8291814854661044,1.8124145343819071,5
21,6,Gary Busey,-0.022450884834340108,0.003475793605033037,-1.7286595654860335,1.767663723683881,8
21,7,Hayes Grier,0.0025937429142559765,-0.011120371979496751,-1.8264362781204508,1.7796945224079412,7
21,8,Kim Zolciak-Biermann,-0.02576127569372351,0.013743855995599852,-1.9194641842287994,1.750011991612991,9
21,9,Nick Carter,0.0523459923603157,0.06593894244153803,-1.8798752238966763,1.887443186965412,4
21,10,Paula Deen,0.06810527301790914,0.05860211548634521,-1.8379112802171313,1.9924991944590305,2
21,11,Tamar Braxton,-0.08508310977505165,-0.09220303029194639,-1.8368520837334363,1.7534954836768666,12
21,12,Victor Espinoza,0.05604260881377423,0.015062188705674419,-1.6789341016958783,2.111980820088412,3
22,0,Antonio Brown,-0.029770293326001653,-0.017034300849419592,-1.85728535627899,1.8288552035413705,7
22,1,Doug Flutie,0.05129437762152253,0.057769434159526616,-1.7881681800631621,1.8449801871147713,4
22,2,Geraldo Rivera,0.09457677216752432,0.10670566160357041,-1.7317872868843607,1.9989291711761328,2
22,3,Ginger Zee,-0.0012803335470238154,0.02594651885134143,-1.9489977097774536,1.8134695271010617,6
22,4,Jodie Sweetin,-0.11481480602892088,-0.10590172292559243,-2.004616126598917,1.7412255756566046,12
22,5,Kim Fields,-0.08117145620788989,-0.04339290837509442,-2.0630025989801544,1.8613612021738901,10
22,6,Marla Maples,-0.1111515652175414,-0.060847048168507924,-2.008062132383566,1.7185639513963296,11
22,7,Mischa Barton,0.07476551273894592,0.04983745229162957,-1.807947552837783,2.0640588120484034,3
22,8,Nyle DiMarco,-0.041255897854727684,-0.07093887664554333,-2.0125250285749017,1.9463939442922578,8
22,9,Paige VanZant,0.16130745958057258,0.15861522550348145,-1.8485765325442294,2.2466392416826015,1
22,10,Von Miller,0.042826687332839515,0.03565360041355592,-1.67453206194083,1.7787274754219087,5
22,11,Wanya Morris,-0.04532645725929956,-0.08719542522781706,-1.8740091752772683,1.8861698413109955,9
23,0,Amber Rose,-0.026843871189915304,-0.032544640477781814,-1.989445188667489,1.9900126172619446,8
23,1,Babyface,0.13969196547954613,0.1335044971487524,-1.6210600748857957,2.0514687701481455,1
23,2,Calvin Johnson Jr.,0.006198041689063053,0.008341958686538156,-1.8912243004738212,1.8084905314186837,7
23,3,Jake T. Austin,-0.05252187338772195,-0.01712850192197879,-1.8883404177713359,1.8565060576472994,11
23,4,James Hinchcliffe,0.06498371246944128,0.04043012167881397,-1.7055670007853916,1.841688546548496,3
23,5,Jana Kramer,0.012688388942852097,-0.0036923427719600943,-1.9811034878313578,2.0255819394541454,6
23,6,Laurie Hernandez,0.07311149179904981,0.106107984222822,-1.7404662432020528,1.853479904443493,2
23,7,Marilu Henner,-0.03510865448369868,-0.030925067646408587,-1.8642960006483948,1.745103256608405,9
23,8,Maureen McCormick,0.017589421363703152,0.08393118268405447,-1.9627172658048833,1.7124981053359687,5
23,9,Rick Perry,0.04348729471803668,0.022810694891750874,-1.7317675434649,1.7909114292806814,4
23,10,Ryan Lochte,-0.04257429278784717,-0.09621575601292787,-1.855778966595315,1.8823285969276333,10
23,11,Terra Jole,-0.11457754306856144,-0.11252147605095669,-1.952549783086822,1.6826688446051303,13
23,12,Vanilla Ice,-0.08612408154394764,-0.06416898344588295,-1.9304005875431227,1.7269268892846867,12
24,0,Bonner Bolton,0.023249363856512856,0.02505581207796846,-1.887470852214489,1.9862184481060225,4
24,1,Charo,0.016641345520798757,0.019382834056292347,-1.873901128525562,1.8394369340975596,5
24,2,Chris Kattan,0.0016126953880141789,0.015401148994069677,-1.956472056531911,1.922612217965245,6
24,3,David Ross,-0.04754544673339388,-0.07625023761877742,-1.8222826663250864,1.9265393892254916,11
24,4,Erika Jayne,-0.033950860877871615,-0.012478893151161644,-1.853557947544724,1.7527455032268644,8
24,5,Heather Morris,-0.03500977069348786,-0.05136325036531097,-1.815641028370191,1.8178417888246812,9
24,6,Mr. T,-0.008551542946688464,-0.02008560399252591,-1.818401272546323,1.8862537452989512,7
24,7,Nancy Kerrigan,-0.10339640802012048,-0.12288034295173778,-2.068527358872424,1.6072882253328953,12
24,8,Nick Viall,0.059652550124148884,0.08252347439605191,-1.818380323619521,1.9117697571068881,3
24,9,Normani,0.10543241289933418,0.07387069347786981,-1.777362717677557,2.0020960042312463,1
24,10,Rashad Jennings,0.06653543600022645,0.021215826474685832,-1.7396468743050257,2.2066436074275906,2
24,11,Simone Biles,-0.04466977451747302,0.0016694441241106445,-2.1315556714084547,1.8477939343156353,10
25,0,Barbara Corcoran,-0.023470318112064185,-0.07361745997095279,-1.8386159087562661,1.8759394286283833,7
25,1,Debbie Gibson,-0.042445684571184396,-0.01607832596462,-1.9149155304546268,1.7580277849614552,9
25,2,Derek Fisher,0.1218676218146516,0.10918103128594814,-1.6759977448260972,2.0446679376775205,2
25,3,Drew Scott,-0.10307213788267756,-0.12303191918729386,-1.9177977247720868,1.7298232048486006,11
25,4,Frankie Muniz,0.06401712330667111,0.051411224062277855,-1.6510808200190816,1.8667691511708902,5
25,5,Jordan Fisher,0.13575058980925797,0.10928428520852707,-1.7989963517973906,2.1743890324072987,1
25,6,Lindsey Stirling,0.0696176240139622,0.017254029317074357,-1.7339075508227764,2.0435794645571805,3
25,7,Nick Lachey,-0.12320368401009925,-0.15298367015786382,-2.0372739363215846,1.6599050713091779,12
25,8,Nikki Bella,0.05558099986162591,0.06301184627042525,-1.8102366595091988,1.895454395610047,6
25,9,Sasha Pieterse,-0.12925289756171915,-0.07730895911439951,-1.9248365400489098,1.55907371582887,13
25,10,Terrell Owens,-0.030067783656720238,-2.4402178761949445e-05,-2.0121420778513173,1.8046586178494235,8
25,11,Vanessa Lachey,0.06712626291306394,0.09937876478527985,-1.8015250383183976,1.913267912847765,4
25,12,Victoria Arlen,-0.06244771592476793,-0.07236196172828832,-1.9736199086248372,1.7633669980012816,10
26,0,Adam Rippon,0.08449956333674084,0.08235868210048364,-1.7819045837224639,1.8704244340278695,2
26,1,Arike Ogunbowale,0.05143352155520421,0.047949610251199516,-1.7955806579508422,1.8261015258760005,4
26,2,Chris Mazdzer,-0.001390277106714905,-0.02767743453887614,-1.9643682024041798,1.9316405524141615,5
26,3,Jamie Anderson,-0.019766972265380725,-0.02490466184487429,-1.741455397621835,1.7004533161925899,7
26,4,Jennie Finch Daigle,-0.07078295297301765,-0.05331020200355441,-1.9023801090128207,1.8018312261209268,9
26,5,Johnny Damon,-0.06614629597710765,-0.023858840660477824,-1.9111543207049435,1.7964906748974492,8
26,6,Josh Norman,-0.01835350774667475,-0.023524320144738382,-1.803827758398161,1.960774315217141,6
26,7,Kareem Abdul-Jabbar,0.05593384462506533,0.07011940660145655,-1.8569397899996365,1.9337464028826972,3
26,8,Mirai Nagasu,-0.10066714977378312,-0.10008557800117807,-1.9954207559102217,1.7833011192462258,10
26,9,Tonya Harding,0.08524022632566845,0.09426486629935413,-1.6648891071747078,2.0071253554161106,1
27,0,Alexis Ren,-0.020053799968453346,-0.028101951157470773,-1.7808321969508203,1.8537465109997904,9
27,1,Bobby Bones,0.07648460765833755,0.05126083874844868,-1.7322861630497977,1.954660175853241,3
27,2,Danelle Umstead,0.05542135713569269,0.05337859100985208,-1.764204785153437,1.8703662444083744,5
27,3,DeMarcus Ware,0.04126144663608211,0.07136197953778131,-1.8789123068240494,1.9359710760547086,6
27,4,Evanna Lynch,0.06481201962505817,0.053600713304352815,-1.8142346900852047,1.9299721831147367,4
27,5,Joe Amabile,0.1562397575178116,0.12360891295111251,-1.5790646054294852,2.086120534484528,1
27,6,John Schneider,-0.005163252036813427,-0.037050696457990466,-1.786981604104172,1.9307056729988041,8
27,7,Juan Pablo Di Pace,-0.218719473827242,-0.18812126933500237,-2.1758544208043813,1.575109341373242,13
27,8,Mary Lou Retton,-0.09076662269113235,-0.046538023662641315,-1.9273081881756577,1.6067507795116498,11
27,9,Milo Manheim,-0.07401006543057564,-0.03142476250180103,-1.8990832117536867,1.736121458335652,10
27,10,Nancy McKeon,-0.09926287479146424,-0.07619530548446184,-1.9688582006958992,1.5571816942935839,12
27,11,Nikki Glaser,0.09750595804606166,0.05663334955249762,-1.6579686167493366,2.0327341179881717,2
27,12,Tinashe,0.016250942126637278,0.00023483118501434197,-1.7566836035080158,1.8662809883747058,7
28,0,Ally Brooke,0.08399507068471335,0.0943802848618403,-1.661812227995658,1.9290779044061641,6
28,1,Hannah Brown,0.3350881211011213,0.3276446120849198,-1.4999977737781367,2.115246993584739,3
28,2,James Van Der Beek,-0.005015699988054203,-0.04196023862964396,-1.6922805179338372,1.6817856944938467,7
28,3,Karamo Brown,-0.38878961994898065,-0.4265425427327296,-2.0590728277531807,1.3908535161098168,11
28,4,Kate Flannery,-0.23557606678031562,-0.18510740228395822,-2.197062364593333,1.4164241201758154,9
28,5,Kel Mitchell,0.21875215507750617,0.2132913415952721,-1.5745644800253553,2.005506742215048,4
28,6,Lamar Odom,-0.28250058621858054,-0.2677204744013213,-1.8631673190339022,1.2563261417643887,10
28,7,Lauren Alaina,0.5046685946920755,0.5624097650628912,-1.2596012188060088,2.1288824794932224,2
28,8,Mary Wilson,0.13194500751369145,0.14047391640363388,-1.6251907842895827,2.159131542899934,5
28,9,Ray Lewis,-0.16232715296938477,-0.15510178620005294,-1.8727687041619736,1.71078057693183,8
28,10,Sailor Brinkley-Cook,-0.8485400156063497,-0.9506220125566132,-2.5637430080100945,1.2901589723849933,12
28,11,Sean Spicer,0.6483001924425578,0.7395220801984688,-1.3317756526930764,2.282095651793965,1
29,0,AJ McLean,-0.1931123363951691,-0.17481319541557372,-1.8951624336422468,1.3302417743482386,9
29,1,Anne Heche,-0.46548284057891953,-0.4363213427530769,-1.9631433361377715,1.0053689973642579,14
29,2,Carole Baskin,-0.10224632542534261,-0.08181971658350996,-1.8688144611218445,1.6359072027094819,8
29,3,Charles Oakley,-0.5973837290266819,-0.5853752211031048,-2.1429591277920346,1.02978231108575,15
29,4,Chrishell Stause,-0.21803586580354578,-0.21209041581994248,-1.8768733227822567,1.6067678500154976,11
29,5,Jeannie Mai,0.26967989744668774,0.2553067198010843,-1.691960696469397,2.224727235388959,4
29,6,Jesse Metcalfe,-0.24544499111658039,-0.22087020481091918,-1.9973565920773173,1.4864081401987197,12
29,7,Johnny Weir,-0.20201552841934092,-0.21109025921325392,-1.9227927639506293,1.4109403362229536,10
29,8,Justina Machado,0.4637075806098536,0.4528471081011361,-1.2246965278885262,2.120408977563376,3
29,9,Kaitlyn Bristowe,0.10955787138042557,0.10836366805006381,-1.5543477064098636,1.9151814183307034,6
29,10,Monica Aldama,0.0061790095443435885,-0.0297821420327007,-1.7257695060526597,1.7416873708876182,7
29,11,Nelly,0.8864027444812734,0.9721942006069242,-1.4382838354988228,2.594779102652322,1
29,12,Nev Schulman,0.1573879319427276,0.10931954772397806,-1.7779479312966633,1.9954669735422352,5
29,13,Skai Jackson,0.4766680798785172,0.5286571741840567,-1.319268435803151,2.1366106402373086,2
29,14,Veron Davis,-0.3458614985182487,-0.30601841279048003,-1.9535365486754313,1.1340016897217646,13
30,0,Amanda Kloots,0.2001027886238534,0.22728113680075002,-1.5930170340093848,2.1990396903626896,3
30,1,Brian Austin Green,-0.03667974183650419,0.033767398125598286,-1.8421128763496093,1.455557116731186,9
30,2,Christine Chiu,-0.894635078564411,-0.9426473593638487,-2.37656093885598,0.8178830103526911,15
30,3,Cody Rigsby,1.0242219974619502,1.0517958101162974,-0.7560763187703339,2.5278173691125567,1
30,4,Iman Shumpert,0.8711675722795553,0.9512211581916339,-1.2343955586408626,2.499742256844041,2
30,5,Jimmie Allen,0.14225962852524004,0.15031821159320513,-1.7059799727727554,1.6324010683388626,5
30,6,JoJo Siwa,0.1655878455705459,0.13061072129262935,-1.574560444843218,1.8308689535185811,4
30,7,Kenya Moore,-0.03336108486071224,-0.020578428113957506,-1.6369363712014857,1.5606451363619962,8
30,8,Martin Kove,-0.24392975873937062,-0.26350464450223965,-1.812843348081117,1.4688300157775462,12
30,9,Matt James,-0.030260684048289688,-0.028392928226062784,-1.586565399405923,1.4099175677900704,7
30,10,Melanie C,-0.8214146806354597,-0.8464987267479198,-2.468411326741059,1.0814056763011142,14
30,11,Melora Hardin,-0.0923656880320873,-0.1407408198547511,-1.8032362616532214,1.861925014852379,11
30,12,"Mike ""The Miz"" Mizanin",0.10264720815647918,0.14191781691367764,-1.4974363114695968,1.5712277357323319,6
30,13,Olivia Jade,-0.2636794437083027,-0.19585123802743185,-2.0287551070123633,1.4025662282432467,13
30,14,Suni Lee,-0.08966088019248641,-0.14954947145657613,-1.7780019412503378,1.6558993130640667,10
31,0,Charli D'Amelio,0.11073278548415491,0.0962336158506493,-1.7734364326383405,2.0490986614329296,7
31,1,Cheryl Ladd,-0.29032891765837626,-0.2933409873486151,-1.932433585672706,1.1952412526266323,14
31,2,Daniel Durant,-0.1847498011830459,-0.15648207156045035,-1.8667351966107835,1.4558270998499947,11
31,3,Gabby Windey,0.28159185281422816,0.28646574077307424,-1.6362117463947554,1.9108478013529129,4
31,4,Heidi D'Amelio,-0.1424256630350512,-0.07270473395671886,-1.9252296873745014,1.295163998207449,10
31,5,Jason Lewis,-0.6302909442644427,-0.5984465898168435,-2.1883100222752545,0.99586277193451,16
31,6,Jessie James Decker,-0.25061781936707905,-0.24838613055833428,-1.872120261827019,1.4158295234598792,12
31,7,Jordin Sparks,-0.2603755131123522,-0.26479851519794545,-1.7583023234720876,1.5433325813921306,13
31,8,Joseph Baena,0.22536258932356462,0.21667807957807833,-1.6519993525828114,1.7871520819189894,5
31,9,Sam Champion,-0.10300843632955743,-0.08872626363240949,-1.7734572033363711,1.4173018557608816,9
31,10,Selma Blair,-0.029431845388820283,-0.06720434185188717,-1.9505135399324935,1.9927356250257307,8
31,11,Shangela,0.2011728659166784,0.226711599599458,-1.8198839310795627,2.06979168087984,6
31,12,Teresa Giudice,-0.525811680376799,-0.530535602967023,-1.9925391548802116,1.0890671757233141,15
31,13,Trevor Donovan,0.426042155013964,0.49779537592437656,-1.4608673872199995,1.980845586321464,2
31,14,Vinny Guadagnino,0.8896492416005811,0.9798896937439855,-0.9915543130407514,2.397512884064099,1
31,15,Wayne Brady,0.2824891305623526,0.28532304657442414,-1.4063363281907917,2.0087770487936734,3
32,0,Adrian Peterson,-0.5137419781778337,-0.5155301490189007,-2.221532512172289,1.1392839038311375,12
32,1,Alyson Hannigan,0.9866102311781598,1.0594816580703532,-1.1659163143715838,2.509247570239118,1
32,2,Ariana Madix,0.2091713325534184,0.2578548029504908,-1.7193386341247006,1.902702126484497,5
32,3,Barry Williams,0.19768279412044315,0.27897509930439124,-1.9287168822833938,1.9069238844175325,6
32,4,Charity Lawson,0.329320046193876,0.33069353088916015,-1.4162084437742348,2.197856959042304,4
32,5,Harry Jowsey,0.7517526433425435,0.9050618088830268,-1.3257261939675336,2.420120569266078,2
32,6,Jamie Lynn Spears,-0.7012584236076818,-0.793210326286522,-2.1276102392204055,1.130701856702036,14
32,7,Jason Mraz,0.3982233292661159,0.45113231709214374,-1.3720009418829526,2.1073710730124295,3
32,8,Lele Pons,-0.48469427195575016,-0.46779835105021916,-2.1256071876996803,1.3572354357100531,11
32,9,Matt Walsh,-0.5896885646819628,-0.6186610414801748,-2.334499878259175,1.1803885506250256,13
32,10,Mauricio Umansky,0.11605025934627276,0.1450371612024421,-1.4182063368083069,1.584667561380214,7
32,11,Mira Sorvino,-0.4341911327017843,-0.42622261995841615,-2.187375389153355,1.2273338284060922,10
32,12,Tyson Beckford,-0.3228592487480597,-0.28436879944365745,-1.9155261526332223,1.2943789918017847,9
32,13,Xochitl Gomez,0.057622983872242906,0.08506515346790723,-2.2325715622945275,2.012324608921685,8
33,0,Anna Delvey,-0.7196065462362198,-0.7755475874394664,-2.359212741039072,1.1160402320160698,13
33,1,Brooks Nader,-0.5941164858540009,-0.6071774068027606,-2.0443001260111635,1.1752871433873742,12
33,2,Chandler Kinney,0.15950016478093243,0.18842408367118085,-1.7398148381859346,1.9201283235049147,6
33,3,Danny Amendola,0.26600354963823075,0.25760331252047897,-1.6519086423485951,2.07586171378091,5
33,4,Dwight Howard ,0.5207658216803767,0.5665926500670807,-1.3597489759523926,2.298578898229184,2
33,5,Eric Roberts,-0.07280154859340748,-0.028158777015458127,-1.8457528203878466,1.4582024204640855,8
33,6,Ilona Maher,0.6039003606815008,0.6018916629816308,-1.4968328434399234,2.601052953887383,1
33,7,Jenn Tran,-0.3888583812728732,-0.43171455450273954,-2.027109928517472,1.4226300920038566,10
33,8,Joey Graziadei,0.06082276621152557,0.11925520626702713,-1.8753699030576105,1.8393979657920565,7
33,9,Phaedra Parks,-0.07374331787835568,-0.0387221273209376,-1.8220970193331059,1.4090957092293388,9
33,10,Reginald VelJohnson,0.3747701649548925,0.43164240347867044,-1.2375147052273405,1.7775427137170705,4
33,11,Stephen Nedoroscik,0.44227838211500947,0.5256433822450466,-1.5529801367069354,1.9765257683931734,3
33,12,Tori Spelling,-0.5789149302276112,-0.6150693198161797,-2.490877345430629,1.204665238177572,11
34,0,Alix Earle,0.1017804284060287,0.12892635968027183,-1.5948860929131978,1.8381491090895976,6
34,1,Andy Richter,0.9502205460653663,1.09177241812746,-1.0872868224001389,2.3148741919752323,1
34,2,Baron Davis,-0.7545171752003108,-0.764343322534325,-2.0569501848553133,0.7951474926966778,13
34,3,Corey Feldman,0.07318407122741795,0.12371904240766221,-1.760907307434302,1.6478433837724231,7
34,4,Danielle Fishel,-0.14259344639703134,-0.09172603393011396,-1.8304999016781212,1.2464190613642125,9
34,5,Dylan Efron,0.3580577741960172,0.42841744858310077,-1.3418562840743473,2.0741461530484018,4
34,6,Elaine Hendrix,0.563161035613707,0.6075367093448082,-1.2280525784640977,2.101432987392885,2
34,7,Hilaria Baldwin,-0.7652058716959831,-0.8510146117008783,-2.258007919601658,1.185362573117815,14
34,8,Jen Affleck,-0.2516942863704729,-0.2338889718950784,-1.6119747331068537,1.3285429984137054,10
34,9,Jordan Chiles,0.22024068192096785,0.2715104762252637,-1.3926935600984565,1.7766672411574027,5
34,10,Lauren Jauregui,-0.31734345822900634,-0.30842351562345605,-1.9984118381149651,1.3559329798242514,11
34,11,Robert Irwin,0.3855250732924041,0.4026712760821987,-1.645688327926643,2.0953979459856966,3
34,12,Scott Hoying,0.030448505556739697,0.09553627780165724,-1.5541806968933873,1.476296769145215,8
34,13,Whitney Leavitt,-0.4512638783858446,-0.4904440823049973,-2.1559556552444334,1.4697166079665591,12
