season,week,mechanism,rule,observed_eliminated_name,pred_elim_prob_observed,top1_pred_name,top1_prob,top2_pred_name,top2_prob,top3_pred_name,top3_prob,is_observed_in_top2,notes
1,1,direct,rank,,,Kelly Monaco,0.806222222221988,Trista Sutter,0.1937777777780137,Rachel Hunter,5.173019087271713e-16,False,
1,2,direct,rank,Trista Sutter,0.6208888888888886,Trista Sutter,0.6208888888888886,Evander Holyfield,0.20622222222222128,Kelly Monaco,0.17288888888888598,True,
1,3,direct,rank,Evander Holyfield,0.8741333333333342,Evander Holyfield,0.8741333333333342,Kelly Monaco,0.1128000000000041,Joey McIntyre,0.012355555555555585,True,
1,4,direct,rank,Rachel Hunter,0.4724444444444385,Rachel Hunter,0.4724444444444385,John O'Hurley,0.2977777777777788,Joey McIntyre,0.2222222222222244,True,
1,5,direct,rank,,,Kelly Monaco,0.5189629629629632,Joey McIntyre,0.4745185185185187,John O'Hurley,0.006518518518518531,False,
1,6,direct,rank,,,John O'Hurley,0.88,Kelly Monaco,0.11999999999999995,,,False,
2,1,direct,rank,Kenny Mayne,0.9399999999999984,Kenny Mayne,0.9399999999999984,Tia Carrere,0.029333333333331685,Lisa Rinna,0.02503703703703578,True,
2,2,direct,rank,Tatum O'Neal,0.9897777777777784,Tatum O'Neal,0.9897777777777784,Lisa Rinna,0.01022222222222279,Tia Carrere,5.330524863380785e-38,True,
2,3,direct,rank,Giselle Fernandez,0.9999999999976009,Giselle Fernandez,0.9999999999976009,Master P,2.3400801699022535e-12,Lisa Rinna,3.926115179457369e-14,True,
2,4,direct,rank,Master P,0.6560000000000028,Master P,0.6560000000000028,George Hamilton,0.3244444444444573,Tia Carrere,0.019555555555556475,True,
2,5,direct,rank,Tia Carrere,0.9834074074074073,Tia Carrere,0.9834074074074073,George Hamilton,0.008296296296295993,Lisa Rinna,0.008296296296295993,True,
2,6,direct,rank,George Hamilton,0.999999999999582,George Hamilton,0.999999999999582,Lisa Rinna,4.2058052150697426e-13,Jerry Rice,5.031954801513375e-23,True,
2,7,direct,rank,Lisa Rinna,0.8804444444438867,Lisa Rinna,0.8804444444438867,Jerry Rice,0.1195555555555551,Stacy Keibler,4.243373602609813e-13,True,
2,8,direct,rank,,,Stacy Keibler,0.4312592592592519,Jerry Rice,0.4125925925925853,Drew Lachey,0.1561481481481488,False,
3,1,direct,percent,Tucker Carlson,0.4536356105518677,Tucker Carlson,0.4536356105518677,Sara Evans,0.15885952830153519,Jerry Springer,0.1195023908553942,True,
3,2,direct,percent,Shanna Moakler,0.10234000273436758,Jerry Springer,0.2610802132355545,Harry Hamlin,0.14137207189475876,Mario Lopez,0.14037730383256855,False,
3,3,direct,percent,Harry Hamlin,0.11496504273727785,Emmitt Smith,0.30643450674701944,Jerry Springer,0.160348720986502,Harry Hamlin,0.11496504273727785,False,
3,4,direct,percent,Vivica A. Fox,0.10199301164827747,Sara Evans,0.4128114899772264,Jerry Springer,0.2106873830296443,Monique Coleman,0.10343314753575887,False,
3,6,direct,percent,,,Jerry Springer,0.9069693234799105,Monique Coleman,0.04977034790210034,Joey Lawrence,0.026893297790025673,False,
3,7,direct,percent,Jerry Springer,0.7849844097536475,Jerry Springer,0.7849844097536475,Monique Coleman,0.08960941790226466,Mario Lopez,0.052575744171491814,True,
3,8,direct,percent,Monique Coleman,0.42324417337662334,Monique Coleman,0.42324417337662334,Joey Lawrence,0.26524098291709824,Emmitt Smith,0.2350990747371159,True,
3,9,direct,percent,,,Mario Lopez,0.35809090600710647,Joey Lawrence,0.3478622214473416,Emmitt Smith,0.2940468725455522,False,
3,10,direct,percent,,,Mario Lopez,0.5609866770274398,Emmitt Smith,0.43901332297256024,,,False,
4,1,direct,percent,,,Billy Ray Cyrus,0.34824724889609526,Leeza Gibbons,0.19050440743305824,Clyde Drexler,0.12866100725526122,False,
4,2,direct,percent,Paulina Porizkova,0.10299616916609351,Clyde Drexler,0.24308075970754522,Shandi Finnessey,0.14535499159546905,Leeza Gibbons,0.10499382074934911,False,
4,3,direct,percent,Shandi Finnessey,0.09170412036139391,Clyde Drexler,0.44484186988341484,John Ratzenberger,0.12185679904364269,Shandi Finnessey,0.09170412036139391,False,
4,4,direct,percent,Leeza Gibbons,0.2621709548444074,Clyde Drexler,0.3540428717360868,Leeza Gibbons,0.2621709548444074,John Ratzenberger,0.2575652080600189,True,
4,5,direct,percent,Clyde Drexler,0.6949173083288396,Clyde Drexler,0.6949173083288396,Billy Ray Cyrus,0.1429995748563575,John Ratzenberger,0.10607333890595064,True,
4,6,direct,percent,Heather Mills,0.10858844769840345,John Ratzenberger,0.5561151095445189,Billy Ray Cyrus,0.21902766900564752,Heather Mills,0.10858844769840345,False,
4,7,direct,percent,John Ratzenberger,0.17875507096679463,Billy Ray Cyrus,0.7591215397645467,John Ratzenberger,0.17875507096679463,Ian Ziering,0.024157336248612164,True,
4,8,direct,percent,Billy Ray Cyrus,0.8813923894996895,Billy Ray Cyrus,0.8813923894996895,Ian Ziering,0.08922046189873645,Laila Ali,0.016192792343084,True,
4,9,direct,percent,Ian Ziering,0.44522919175978304,Ian Ziering,0.44522919175978304,Apolo Anton Ohno,0.25101790461328116,Laila Ali,0.15226708070855868,True,
4,10,direct,percent,,,Laila Ali,0.5259708312480958,Joey Fatone,0.33504343107333756,Apolo Anton Ohno,0.1389857376785664,False,
5,1,direct,percent,Josie Maran,0.2800900408239982,Josie Maran,0.2800900408239982,Floyd Mayweather Jr. ,0.15773212900365347,Wayne Newton,0.12304997687007264,True,
5,2,direct,percent,Albert Reed,0.0680276296590285,Wayne Newton,0.4110341547069943,Mark Cuban,0.1638402546633276,Jane Seymour,0.06878741412878718,False,
5,3,direct,percent,Wayne Newton,0.37420598700573204,Wayne Newton,0.37420598700573204,Mark Cuban,0.20010355851219513,Floyd Mayweather Jr. ,0.146628767840098,True,
5,4,direct,percent,Floyd Mayweather Jr. ,0.22398232688877998,Mark Cuban,0.3124660540646839,Floyd Mayweather Jr. ,0.22398232688877998,Jane Seymour,0.08921739021865543,True,
5,5,direct,percent,Mark Cuban,0.3251476774543205,Mark Cuban,0.3251476774543205,Marie Osmond,0.2953183629605074,Helio Castroneves,0.15525046146532284,True,
5,6,direct,percent,Sabrina Bryan,0.12390396958984451,Jane Seymour,0.4158853890321094,Marie Osmond,0.24077257067011296,Sabrina Bryan,0.12390396958984451,False,
5,7,direct,percent,Jane Seymour,0.30602048925361075,Jane Seymour,0.30602048925361075,Cameron Mathison,0.21007211453668018,Helio Castroneves,0.15513856779368276,True,
5,8,direct,percent,Cameron Mathison,0.23207616575264414,Marie Osmond,0.36850877190491965,Jennie Garth,0.30507351431798774,Cameron Mathison,0.23207616575264414,False,
5,9,direct,percent,Jennie Garth,0.2596572063815529,Marie Osmond,0.4951738319709544,Jennie Garth,0.2596572063815529,Helio Castroneves,0.12275918138815611,True,
5,10,direct,percent,,,Marie Osmond,0.9726033675649359,Helio Castroneves,0.01561161662250239,Mel B,0.01178501581256072,False,
6,1,direct,percent,,,Monica Seles,0.2313950467704411,Adam Carolla,0.22792348719593913,Penn Jillette,0.17307496492063007,False,
6,2,direct,percent,Monica Seles,0.2799632930669245,Monica Seles,0.2799632930669245,Steve Guttenberg,0.20977761212088997,Penn Jillette,0.16221048308877314,True,
6,3,direct,percent,Steve Guttenberg,0.1370469621923276,Marissa Jaret Winokur,0.24855101137527139,Mario,0.13807272391687966,Adam Carolla,0.13758097799104663,False,
6,4,direct,percent,Adam Carolla,0.4505821310348356,Adam Carolla,0.4505821310348356,Priscilla Presley,0.17640645477843322,Mario,0.09213888283184761,True,
6,5,direct,percent,Priscilla Presley,0.3235947102483311,Priscilla Presley,0.3235947102483311,Marlee Matlin,0.21166479907104954,Shannon Elizabeth,0.14970798814737682,True,
6,6,direct,percent,Marlee Matlin,0.5227726684579493,Marlee Matlin,0.5227726684579493,Shannon Elizabeth,0.16171955490636694,Jason Taylor,0.15745924557739113,True,
6,7,direct,percent,Shannon Elizabeth,0.15119632533375846,Cristian de la Fuente,0.4643677489470855,Mario,0.1550375593934126,Shannon Elizabeth,0.15119632533375846,False,
6,8,direct,percent,Mario,0.18930591967247995,Marissa Jaret Winokur,0.4292875156970111,Jason Taylor,0.24160538299645715,Mario,0.18930591967247995,False,
6,9,direct,percent,Marissa Jaret Winokur,0.6034204883480219,Marissa Jaret Winokur,0.6034204883480219,Jason Taylor,0.19803827549587763,Cristian de la Fuente,0.10878492988956714,True,
6,10,direct,percent,,,Cristian de la Fuente,0.8415107097146475,Jason Taylor,0.12485932970747783,Kristi Yamaguchi,0.03362996057787392,False,
7,1,direct,percent,Jeffrey Ross,0.387545779445241,Jeffrey Ross,0.387545779445241,Cloris Leachman,0.12547587929873683,Rocco DiSpirito,0.08731811676378316,True,
7,3,direct,percent,,,Cloris Leachman,0.5044924245014885,Rocco DiSpirito,0.13209094552681824,Susan Lucci,0.0926982768353843,False,
7,4,direct,percent,Rocco DiSpirito,0.39615546643918054,Rocco DiSpirito,0.39615546643918054,Maurice Greene,0.19174906089967012,Toni Braxton,0.09304104367978809,True,
7,5,direct,percent,Toni Braxton,0.188494773586621,Lance Bass,0.25334452984963557,Cloris Leachman,0.25025930251638145,Susan Lucci,0.19060837138583858,False,
7,6,direct,percent,Cloris Leachman,0.8484402176060009,Cloris Leachman,0.8484402176060009,Maurice Greene,0.0702969460626436,Susan Lucci,0.03008513622905296,True,
7,7,direct,percent,Susan Lucci,0.12339378628589563,Warren Sapp,0.42945204322175556,Cody Linley,0.2984339641600596,Susan Lucci,0.12339378628589563,False,
7,8,direct,percent,Maurice Greene,0.3827768466462115,Maurice Greene,0.3827768466462115,Cody Linley,0.3487483407358744,Lance Bass,0.18488023970013662,True,
7,9,direct,percent,Cody Linley,0.6239063977737178,Cody Linley,0.6239063977737178,Brooke Burke,0.19052143821076956,Warren Sapp,0.17449657831508308,True,
7,10,direct,percent,,,Lance Bass,0.5200874027994522,Warren Sapp,0.434894668004786,Brooke Burke,0.04501792919576193,False,
8,1,direct,percent,,,Steve Wozniak,0.2580200757311578,Ty Murray,0.1881592886396209,Lawrence Taylor,0.11113426039088212,False,
8,2,direct,percent,Belinda Carlisle,0.09903758736199988,Steve-O,0.2759875408786307,David Alan Grier,0.1304853917972311,Steve Wozniak,0.1223807536412475,False,
8,3,direct,percent,Denise Richards,0.11411401515675652,Steve Wozniak,0.5459187747935587,Steve-O,0.14372537692372928,Denise Richards,0.11411401515675652,False,
8,4,direct,percent,Holly Madison,0.15229512795543942,Steve Wozniak,0.47396096398374415,Steve-O,0.2064807573383022,Holly Madison,0.15229512795543942,False,
8,5,direct,percent,David Alan Grier,0.10784037771381025,Steve-O,0.38900339573151493,Lawrence Taylor,0.2006975482966462,Ty Murray,0.13319272125216405,False,
8,6,direct,percent,Steve-O,0.585520165370535,Steve-O,0.585520165370535,Ty Murray,0.2615644535183655,Lawrence Taylor,0.06398947748770423,True,
8,7,direct,percent,Lawrence Taylor,0.5945464113283714,Lawrence Taylor,0.5945464113283714,Ty Murray,0.16317471224647537,Lil' Kim,0.0806255946088624,True,
8,8,direct,percent,Chuck Wicks,0.15906719893787707,Melissa Rycroft,0.505989843975757,Chuck Wicks,0.15906719893787707,Shawn Johnson,0.11861384409328217,True,
8,9,direct,percent,Lil' Kim,0.1573683275439706,Ty Murray,0.7100901101604239,Lil' Kim,0.1573683275439706,Gilles Marini,0.049962057202658464,True,
8,10,direct,percent,Ty Murray,0.8277605801642851,Ty Murray,0.8277605801642851,Melissa Rycroft,0.08682494909479714,Shawn Johnson,0.06727113933728929,True,
8,11,direct,percent,,,Melissa Rycroft,0.533351842263501,Gilles Marini,0.35480362269588744,Shawn Johnson,0.11184453504061195,False,
9,1,direct,percent,Ashley Hamiliton,0.13423294328596014,Ashley Hamiliton,0.13423294328596014,Macy Gray,0.130124801710442,Michael Irvin,0.1285542507288519,True,
9,2,direct,percent,Kathy Ireland,0.124812706361389,Tom DeLay,0.126247262693419,Kathy Ireland,0.124812706361389,Melissa Joan Hart,0.0964957851842772,True,
9,4,direct,percent,Chuck Liddell,0.19072724729768517,Louie Vito,0.2525623834269579,Michael Irvin,0.2510776372222254,Chuck Liddell,0.19072724729768517,False,
9,5,direct,percent,Natalie Coughlin,0.16479899744639828,Michael Irvin,0.20727488238577582,Natalie Coughlin,0.16479899744639828,Louie Vito,0.15375663489715047,True,
9,6,direct,percent,Louie Vito,0.19830112695121946,Michael Irvin,0.3382585595443594,Melissa Joan Hart,0.2104952501524557,Louie Vito,0.19830112695121946,False,
9,7,direct,percent,Mark Dacascos,0.4536720123557207,Mark Dacascos,0.4536720123557207,Michael Irvin,0.19480737806501391,Mya,0.1304024661250748,True,
9,8,direct,percent,Aaron Carter,0.30086718145498464,Aaron Carter,0.30086718145498464,Kelly Osbourne,0.2441424591659482,Donny Osmond,0.23953791485290118,True,
9,9,direct,percent,Joanna Krupa,0.1539032791525887,Donny Osmond,0.5177469356444221,Kelly Osbourne,0.2980047741236656,Joanna Krupa,0.1539032791525887,False,
9,10,direct,percent,,,Kelly Osbourne,0.9189900786903726,Mya,0.05738285481529928,Donny Osmond,0.023627066494328892,False,
10,1,direct,percent,,,Buzz Aldrin,0.2951834903944255,Aiden Turner,0.21135753829031198,Kate Gosselin,0.1488974531282249,False,
10,2,direct,percent,Shannen Doherty,0.03899588379587065,Buzz Aldrin,0.47444116546116555,Kate Gosselin,0.18281761464461435,Chad Ochocinco,0.13414852185869305,False,
10,3,direct,percent,Buzz Aldrin,0.5132477979353274,Buzz Aldrin,0.5132477979353274,Kate Gosselin,0.2554301792487543,Aiden Turner,0.04672615183820397,True,
10,4,direct,percent,Aiden Turner,0.27180343806257934,Kate Gosselin,0.32255546803925694,Aiden Turner,0.27180343806257934,Niecy Nash,0.14358465154743166,True,
10,5,direct,percent,Kate Gosselin,0.5548736918317895,Kate Gosselin,0.5548736918317895,Chad Ochocinco,0.16975416860232076,Niecy Nash,0.15849222912734,True,
10,6,direct,percent,Jake Pavelka,0.40384380802059006,Jake Pavelka,0.40384380802059006,Niecy Nash,0.2538559707816471,Evan Lysacek,0.19288043523753212,True,
10,7,direct,percent,Pamela Anderson,0.20188052883631047,Niecy Nash,0.31351650042711865,Pamela Anderson,0.20188052883631047,Erin Andrews,0.17406296957452067,True,
10,8,direct,percent,Niecy Nash,0.5632467399887756,Niecy Nash,0.5632467399887756,Chad Ochocinco,0.359032767864751,Evan Lysacek,0.03703970172832916,True,
10,9,direct,percent,Chad Ochocinco,0.7151117022859272,Chad Ochocinco,0.7151117022859272,Erin Andrews,0.15537641133747146,Nicole Scherzinger,0.06761138871154253,True,
10,10,direct,percent,,,Evan Lysacek,0.5228604219666881,Erin Andrews,0.39497525806225176,Nicole Scherzinger,0.08216431997106044,False,
11,1,direct,percent,David Hasselhoff,0.18916684821515864,David Hasselhoff,0.18916684821515864,Margaret Cho,0.187183071282392,The Situation,0.18295091154040655,True,
11,2,direct,percent,Michael Bolton,0.5750019567506675,Michael Bolton,0.5750019567506675,Margaret Cho,0.09028679369439274,The Situation,0.08798628665503339,True,
11,3,direct,percent,Margaret Cho,0.2860232389806321,Margaret Cho,0.2860232389806321,Bristol Palin,0.179347622537908,Florence Henderson,0.14972009953502258,True,
11,4,direct,percent,The Situation,0.44372026760391886,The Situation,0.44372026760391886,Bristol Palin,0.18151804779981356,Kurt Warner,0.13684205628062607,True,
11,5,direct,percent,Florence Henderson,0.15889994546172176,Bristol Palin,0.4329241143253492,Kyle Massey,0.1986836517904904,Florence Henderson,0.15889994546172176,False,
11,6,direct,percent,Audrina Patridge,0.026173234732103697,Kurt Warner,0.7275849558915358,Bristol Palin,0.08233486490363885,Jennifer Grey,0.06764390073015067,False,
11,7,direct,percent,Rick Fox,0.16354645849915314,Bristol Palin,0.3208306797448161,Kyle Massey,0.21817859978793935,Rick Fox,0.16354645849915314,False,
11,8,direct,percent,Kurt Warner,0.4205473729001444,Bristol Palin,0.4639479999204025,Kurt Warner,0.4205473729001444,Brandy,0.04149154998942062,True,
11,9,direct,percent,Brandy,0.23046545586346662,Bristol Palin,0.6019681623629236,Brandy,0.23046545586346662,Kyle Massey,0.10438100297317512,True,
11,10,direct,percent,,,Bristol Palin,0.7823247200981875,Kyle Massey,0.1941125378295287,Jennifer Grey,0.023562742072283302,False,
12,1,direct,percent,,,Mike Catherwood,0.35886323794723657,Wendy Williams,0.25403391285414656,Sugar Ray Leonard,0.09375989085758392,False,
12,2,direct,percent,Mike Catherwood,0.1689803636855807,Sugar Ray Leonard,0.17103762571648243,Mike Catherwood,0.1689803636855807,Wendy Williams,0.16778258884250136,True,
12,3,direct,percent,Wendy Williams,0.5068700258923725,Wendy Williams,0.5068700258923725,Sugar Ray Leonard,0.09746431290457276,Romeo,0.0939496728697649,True,
12,4,direct,percent,Sugar Ray Leonard,0.1529773816138733,Kendra Wilkinson,0.43422726589409855,Sugar Ray Leonard,0.1529773816138733,Kirstie Alley,0.09862601336678939,True,
12,5,direct,percent,Petra Nemcova,0.23955776314824445,Petra Nemcova,0.23955776314824445,Kendra Wilkinson,0.22939675573441143,Ralph Macchio,0.20751496677023185,True,
12,6,direct,percent,Chris Jericho,0.4701594769829935,Chris Jericho,0.4701594769829935,Ralph Macchio,0.18181588970441329,Kendra Wilkinson,0.13401642001046293,True,
12,7,direct,percent,Kendra Wilkinson,0.22400836408942848,Romeo,0.27408893631021275,Kirstie Alley,0.2583635455467565,Kendra Wilkinson,0.22400836408942848,False,
12,8,direct,percent,Romeo,0.12977201230479105,Ralph Macchio,0.6570326276802881,Romeo,0.12977201230479105,Kirstie Alley,0.08983040177653401,True,
12,9,direct,percent,Ralph Macchio,0.8032935427117337,Ralph Macchio,0.8032935427117337,Kirstie Alley,0.16448149743860085,Hines Ward,0.03151733502642612,True,
12,10,direct,percent,,,Kirstie Alley,0.707031739665578,Hines Ward,0.15233289400512715,Chelsea Kane,0.1406353663292951,False,
13,1,direct,percent,Metta World Peace (Ron),0.22917433466366938,Metta World Peace (Ron),0.22917433466366938,Elisabetta Canalis,0.16565844930830187,Rob Kardashian,0.12128127112835091,True,
13,2,direct,percent,Elisabetta Canalis,0.05845889907206765,Chaz Bono,0.21824250024271072,Carson Kressley,0.16445083866189375,David Arquette,0.16194694637126128,False,
13,3,direct,percent,Kristin Cavallari,0.06504204163299668,Chaz Bono,0.40160418923434915,Nancy Grace,0.15679776784508048,Carson Kressley,0.0906866953233634,False,
13,4,direct,percent,Chynna Phillips,0.16961532142361974,Carson Kressley,0.25168597558114497,Chynna Phillips,0.16961532142361974,Chaz Bono,0.1666793881145548,True,
13,5,direct,percent,Carson Kressley,0.45259310108361367,Carson Kressley,0.45259310108361367,Chaz Bono,0.1947352305312394,Nancy Grace,0.13059049615629667,True,
13,6,direct,percent,Chaz Bono,0.436503604144395,Chaz Bono,0.436503604144395,Hope Solo,0.2826360488996456,Rob Kardashian,0.1304460521886927,True,
13,7,direct,percent,David Arquette,0.2136252307233729,Nancy Grace,0.4378620362394991,David Arquette,0.2136252307233729,J.R. Martinez,0.14771015159252968,True,
13,8,direct,percent,Nancy Grace,0.7222246071241528,Nancy Grace,0.7222246071241528,Rob Kardashian,0.11333002037969656,Ricki Lake,0.07850962192900961,True,
13,9,direct,percent,Hope Solo,0.8719333822184937,Hope Solo,0.8719333822184937,J.R. Martinez,0.11418768041711749,Rob Kardashian,0.00939490398716542,True,
13,10,direct,percent,,,Ricki Lake,0.46593859568206486,J.R. Martinez,0.2938673379383121,Rob Kardashian,0.24019406637962307,False,
14,1,direct,percent,,,Martina Navratilova,0.14396060905142818,Gavin DeGraw,0.142058558074412,Melissa Gilbert,0.1399886582310607,False,
14,2,direct,percent,Martina Navratilova,0.26675900451191203,Martina Navratilova,0.26675900451191203,Gladys Knight,0.157119763339471,Melissa Gilbert,0.1159469572513369,True,
14,3,direct,percent,Jack Wagner,0.1260206092453678,Jack Wagner,0.1260206092453678,Sherri Sheperd,0.12406849201291288,Gladys Knight,0.12395359498313302,True,
14,4,direct,percent,Sherri Sheperd,0.16748374888903247,Gladys Knight,0.22982563363568154,Sherri Sheperd,0.16748374888903247,Jaleel White,0.12764735265006388,True,
14,5,direct,percent,Gavin DeGraw,0.40094290496267637,Gavin DeGraw,0.40094290496267637,Melissa Gilbert,0.20806757862205044,Gladys Knight,0.15884430776754482,True,
14,6,direct,percent,Gladys Knight,0.5324945163148762,Gladys Knight,0.5324945163148762,Roshon Fegan,0.18457963332763802,Maria Menounos,0.10661017442688417,True,
14,7,direct,percent,Jaleel White,0.17449415700158585,Melissa Gilbert,0.36823604115505354,Jaleel White,0.17449415700158585,Roshon Fegan,0.13596197970486584,True,
14,8,direct,percent,Melissa Gilbert,0.3543323562957967,Melissa Gilbert,0.3543323562957967,Maria Menounos,0.2291246524931613,Katherine Jenkins,0.1227617453908481,True,
14,9,direct,percent,Maria Menounos,0.1257940988521802,Katherine Jenkins,0.4340638281713058,Donald Driver,0.2657940274920442,William Levy,0.17434804548447036,False,
14,10,direct,percent,,,William Levy,0.408936375701626,Donald Driver,0.39678998645839225,Katherine Jenkins,0.19427363783998233,False,
15,1,direct,percent,Pamela Anderson,0.21095356906729512,Pamela Anderson,0.21095356906729512,Kirstie Alley,0.12277781978007836,Bristol Palin,0.10642032765001518,True,
15,2,direct,percent,Joey Fatone,0.0807127848601755,Bristol Palin,0.2659864219348237,Kirstie Alley,0.11875758782495018,Drew Lachey,0.08525899054150302,False,
15,3,direct,percent,Drew Lachey,0.1309421815857835,Bristol Palin,0.18644634909111474,Drew Lachey,0.1309421815857835,Kirstie Alley,0.12078752369569083,True,
15,4,direct,percent,Bristol Palin,0.20069254180588852,Kirstie Alley,0.3238674150604667,Bristol Palin,0.20069254180588852,Apolo Anton Ohno,0.11749907827083896,True,
15,5,direct,percent,,,Kelly Monaco,0.2311195424085719,Kirstie Alley,0.20818716464005846,Emmitt Smith,0.11101564703183203,False,
15,6,direct,percent,Sabrina Bryan,0.06064368272594527,Emmitt Smith,0.2258919235445065,Kelly Monaco,0.16305108840775318,Gilles Marini,0.15299546598570954,False,
15,7,direct,percent,,,Kirstie Alley,0.5752088481827791,Apolo Anton Ohno,0.1330987957960173,Gilles Marini,0.11281111614798603,False,
15,8,direct,percent,Gilles Marini,0.08777011800510973,Kirstie Alley,0.40274039027578995,Shawn Johnson,0.14974286431391612,Kelly Monaco,0.11277440162274922,False,
15,9,direct,percent,Apolo Anton Ohno,0.14003582866442016,Emmitt Smith,0.3877017406284349,Kelly Monaco,0.2906074517125485,Apolo Anton Ohno,0.14003582866442016,False,
15,10,direct,percent,,,Shawn Johnson,0.5047899186756603,Kelly Monaco,0.2980178117875427,Melissa Rycroft,0.19719226953679622,False,
16,1,direct,percent,,,D. L. Hughley,0.46576043846643733,Andy Dick,0.09440817473774668,Victor Ortiz,0.07364232105917504,False,
16,3,direct,percent,Wynonna Judd,0.33031351251054714,Wynonna Judd,0.33031351251054714,D. L. Hughley,0.25654137141341704,Andy Dick,0.13459873126378352,True,
16,4,direct,percent,Lisa Vanderpump,0.26082314582223187,Victor Ortiz,0.2650493187749451,Lisa Vanderpump,0.26082314582223187,Sean Lowe,0.13808970748322644,True,
16,5,direct,percent,D. L. Hughley,0.33027794023834645,D. L. Hughley,0.33027794023834645,Andy Dick,0.3113980061932335,Victor Ortiz,0.12301113252771304,True,
16,6,direct,percent,Victor Ortiz,0.3710087407494863,Victor Ortiz,0.3710087407494863,Andy Dick,0.18901094177989736,Jacoby Jones,0.12587525653549758,True,
16,7,direct,percent,Andy Dick,0.846878934098596,Andy Dick,0.846878934098596,Sean Lowe,0.06860337004217087,Ingo Rademacher,0.04358132853182266,True,
16,8,direct,percent,Sean Lowe,0.6994566402883853,Sean Lowe,0.6994566402883853,Ingo Rademacher,0.15978875129233086,Jacoby Jones,0.06307441233267858,True,
16,9,direct,percent,Ingo Rademacher,0.5887604368892498,Ingo Rademacher,0.5887604368892498,Zendaya,0.18550632889730767,Kellie Pickler,0.08438286831713694,True,
16,10,direct,percent,Alexandra Raisman,0.29921857975734967,Jacoby Jones,0.49367633041255027,Alexandra Raisman,0.29921857975734967,Kellie Pickler,0.10613660124547963,True,
17,1,direct,percent,,,Bill Nye,0.3901148232479817,Keyshawn Johnson,0.16689915522778742,Bill Engvall,0.12168573139551085,False,
17,2,direct,percent,Keyshawn Johnson,0.1838949293272982,Bill Nye,0.2459131151504926,Keyshawn Johnson,0.1838949293272982,Valerie Harper,0.14561112748137042,True,
17,3,direct,percent,Bill Nye,0.34992709937192185,Valerie Harper,0.3565814194624703,Bill Nye,0.34992709937192185,Jack Osbourne,0.06407826767249412,True,
17,4,direct,percent,Valerie Harper,0.3900447682626708,Valerie Harper,0.3900447682626708,Brant Daugherty,0.15583282365074155,Bill Engvall,0.1429257108020436,True,
17,5,direct,percent,Christina Milian,0.0475680683532491,Leah Remini,0.3388420717038433,Bill Engvall,0.17156933737967545,Elizabeth Berkley Lauren,0.09625713136645107,False,
17,6,direct,percent,,,Bill Engvall,0.3970855417956025,Jack Osbourne,0.1570156172175986,Corbin Bleu,0.15519243573710392,False,
17,7,direct,percent,"Nicole ""Snooki"" Polizzi",0.14969039115870109,Bill Engvall,0.2730101294274306,Leah Remini,0.16225235213390582,"Nicole ""Snooki"" Polizzi",0.14969039115870109,False,
17,8,direct,percent,Brant Daugherty,0.1287732684073317,Bill Engvall,0.3683568984835265,Elizabeth Berkley Lauren,0.2753576206352979,Brant Daugherty,0.1287732684073317,False,
17,9,direct,percent,Elizabeth Berkley Lauren,0.03421007256884308,Bill Engvall,0.7494527669821723,Amber Riley,0.09705530521581589,Jack Osbourne,0.050100464456970806,False,
17,10,direct,percent,Leah Remini,0.2429631861642797,Bill Engvall,0.6425932051483306,Leah Remini,0.2429631861642797,Jack Osbourne,0.07081975795452554,True,
17,11,direct,percent,Bill Engvall,0.7567526309218735,Bill Engvall,0.7567526309218735,Jack Osbourne,0.16905296505131506,Corbin Bleu,0.055750114755717096,True,
18,1,direct,percent,,,Billy Dee Williams,0.36028110309075834,Diana Nyad,0.15139025753653132,Sean Avery,0.09167296407643202,False,
18,3,direct,percent,,,Drew Carey,0.25174015596328475,NeNe Leakes,0.22123467621208384,Candace Cameron Bure,0.15974975682845324,False,
18,4,direct,percent,,,Candace Cameron Bure,0.3003208472775801,Cody Simpson,0.15086896680611397,NeNe Leakes,0.1183191577556627,False,
18,5,direct,percent,Cody Simpson,0.12323117003034448,Drew Carey,0.44369745951350237,Cody Simpson,0.12323117003034448,Candace Cameron Bure,0.09145682949285351,True,
18,6,direct,percent,Drew Carey,0.22276869183942274,Candace Cameron Bure,0.23095505520978404,Drew Carey,0.22276869183942274,NeNe Leakes,0.19324622228836838,True,
18,7,direct,percent,NeNe Leakes,0.3434504528966464,NeNe Leakes,0.3434504528966464,James Maslow,0.1779584619456675,Charlie White,0.14210188126921175,True,
18,8,direct,percent,Danica McKellar,0.12972647612396598,James Maslow,0.2669087598225088,Meryl Davis,0.24297911678979953,Candace Cameron Bure,0.24120749473237685,False,
18,9,direct,percent,Charlie White,0.18017919869804863,Candace Cameron Bure,0.4327227052866961,James Maslow,0.19670128754544491,Charlie White,0.18017919869804863,False,
18,10,direct,percent,James Maslow,0.11887791086681256,Candace Cameron Bure,0.7561010370427039,James Maslow,0.11887791086681256,Amy Purdy,0.07247654468849893,True,
19,1,direct,percent,Lolo Jones,0.18352525947151374,Betsey Johnson,0.28288003381094373,Lolo Jones,0.18352525947151374,Antonio Sabato Jr.,0.10266265362770782,True,
19,2,direct,percent,Tavis Smiley,0.10757842998183462,Michael Waltrip,0.23512682325356626,Betsey Johnson,0.1128738727865957,Randy Couture,0.11039353670928903,False,
19,3,direct,percent,Randy Couture,0.23768356746457453,Randy Couture,0.23768356746457453,Michael Waltrip,0.14817131874353823,Betsey Johnson,0.1323565058970519,True,
19,4,direct,percent,Betsey Johnson,0.11170225419462146,Jonathan Bennett,0.30719625521567934,Michael Waltrip,0.24241711046909883,Tommy Chong,0.1285805335447947,False,
19,5,direct,percent,,,Michael Waltrip,0.4767570761131002,Tommy Chong,0.22187145865293478,Jonathan Bennett,0.17009691627106727,False,
19,6,direct,percent,Jonathan Bennett,0.0910201102804799,Antonio Sabato Jr.,0.24872815721268454,Tommy Chong,0.248559130186963,Michael Waltrip,0.14734521339736692,False,
19,7,direct,percent,Antonio Sabato Jr.,0.2025523562868425,Michael Waltrip,0.30218911816232275,Antonio Sabato Jr.,0.2025523562868425,Tommy Chong,0.1753103951757931,True,
19,8,direct,percent,Michael Waltrip,0.6399357665087712,Michael Waltrip,0.6399357665087712,Tommy Chong,0.21750847864962783,Lea Thompson,0.10122144265694137,True,
19,9,direct,percent,Lea Thompson,0.09277355215192941,Tommy Chong,0.758286202580487,Lea Thompson,0.09277355215192941,Sadie Robertson,0.051426310704173334,True,
19,10,direct,percent,Tommy Chong,0.7883496366600369,Tommy Chong,0.7883496366600369,Sadie Robertson,0.07143529618780489,Alfonso Ribeiro,0.05783737607317604,True,
19,11,direct,percent,Bethany Mota,0.4609658470505191,Bethany Mota,0.4609658470505191,Janel Parrish,0.24193152221235323,Sadie Robertson,0.1842414536550591,True,
20,1,direct,percent,,,Charlotte McKinney,0.189247983279907,Redfoo,0.18811476618379813,Patti LaBelle,0.09571834676959064,False,
20,2,direct,percent,Redfoo,0.04103458771651192,Chris Soules,0.3302187152444719,Charlotte McKinney,0.11723315982891007,Noah Galloway,0.08676043386164858,False,
20,3,direct,percent,Charlotte McKinney,0.24661039271741714,Patti LaBelle,0.24792589647024224,Charlotte McKinney,0.24661039271741714,Michael Sam,0.15833615665485154,True,
20,4,direct,percent,Michael Sam,0.13401490685473624,Chris Soules,0.2566634457097916,Suzanne Somers,0.1994348366702668,Michael Sam,0.13401490685473624,False,
20,5,direct,percent,Suzanne Somers,0.13040437142804795,Robert Herjavec,0.3358750467751651,Patti LaBelle,0.17601241662237246,Chris Soules,0.17239200240859623,False,
20,6,direct,percent,Patti LaBelle,0.181909658883444,Robert Herjavec,0.19013684237997766,Patti LaBelle,0.181909658883444,Noah Galloway,0.15759611133639248,True,
20,7,direct,percent,Willow Shields,0.03977326286212184,Chris Soules,0.3928278089646144,Robert Herjavec,0.3576551251229211,Rumer Willis,0.0706285717459559,False,
20,8,direct,percent,Chris Soules,0.28047015086020116,Robert Herjavec,0.35276679141877326,Noah Galloway,0.28365927554813114,Chris Soules,0.28047015086020116,False,
20,9,direct,percent,Nastia Liukin,0.16065628329036086,Noah Galloway,0.41332473057546615,Rumer Willis,0.28431786234826867,Nastia Liukin,0.16065628329036086,False,
20,10,direct,percent,,,Noah Galloway,0.8249160261661764,Rumer Willis,0.09165576649130032,Riker Lynch,0.08342820734252313,False,
21,1,direct,percent,,,Kim Zolciak-Biermann,0.29248702862142034,Chaka Khan,0.21591560469669294,Paula Deen,0.12245673882031745,False,
21,3,direct,percent,,,Paula Deen,0.548468779731655,Gary Busey,0.16938100718313823,Andy Grammer,0.06858396415066632,False,
21,4,direct,percent,Gary Busey,0.4501681450700621,Gary Busey,0.4501681450700621,Paula Deen,0.25262317079625035,Alexa PenaVega,0.1029715240354005,True,
21,5,direct,percent,,,Paula Deen,0.372684838589187,Alek Skarlatos,0.16936166730288382,Tamar Braxton,0.16684732494733018,False,
21,6,direct,percent,Paula Deen,0.5444850832543712,Paula Deen,0.5444850832543712,Alexa PenaVega,0.14103023000949352,Alek Skarlatos,0.13128002621322069,True,
21,7,direct,percent,Hayes Grier,0.11091010147384017,Alek Skarlatos,0.18386480167659003,Nick Carter,0.15295060827777993,Tamar Braxton,0.14524775427127726,False,
21,8,direct,percent,Andy Grammer,0.3930940379815938,Andy Grammer,0.3930940379815938,Alek Skarlatos,0.24395380750224624,Alexa PenaVega,0.125600153807332,True,
21,10,direct,percent,,,Nick Carter,0.6636957352599473,Alek Skarlatos,0.24462959351338764,Bindi Irwin,0.04624670489798728,False,
21,11,direct,percent,Carlos PenaVega,0.1541555074816244,Alek Skarlatos,0.5615352593564215,Bindi Irwin,0.1547571023248658,Carlos PenaVega,0.1541555074816244,False,
22,1,direct,percent,,,Geraldo Rivera,0.3734240054711308,Doug Flutie,0.20018126973045408,Mischa Barton,0.14837179199947678,False,
22,2,direct,percent,Geraldo Rivera,0.38968983265765617,Geraldo Rivera,0.38968983265765617,Mischa Barton,0.2075594308796012,Antonio Brown,0.06424247445149457,True,
22,3,direct,percent,Mischa Barton,0.2325542896753787,Mischa Barton,0.2325542896753787,Antonio Brown,0.12727290327274174,Doug Flutie,0.12407711377606903,True,
22,4,direct,percent,Marla Maples,0.15630167467252518,Doug Flutie,0.3791189159540019,Jodie Sweetin,0.19395866151135185,Marla Maples,0.15630167467252518,False,
22,5,direct,percent,,,Antonio Brown,0.2890566688271925,Doug Flutie,0.1655224722916639,Kim Fields,0.16036589589990374,False,
22,6,direct,percent,Doug Flutie,0.34524333180955297,Doug Flutie,0.34524333180955297,Von Miller,0.1268986803518636,Kim Fields,0.125363548609691,True,
22,7,direct,percent,Kim Fields,0.15813498631892736,Jodie Sweetin,0.2042135880889886,Antonio Brown,0.1698557584990849,Von Miller,0.16020482536224864,False,
22,8,direct,percent,Jodie Sweetin,0.05260473310350682,Wanya Morris,0.5100057334319817,Antonio Brown,0.21272403531374956,Paige VanZant,0.11289629213502411,False,
22,9,direct,percent,Antonio Brown,0.40863207057209106,Antonio Brown,0.40863207057209106,Ginger Zee,0.24811785885659723,Nyle DiMarco,0.1643144174105785,True,
22,10,direct,percent,,,Ginger Zee,0.6237935569424411,Nyle DiMarco,0.2481152414790376,Paige VanZant,0.12809120157852114,False,
23,1,direct,percent,,,Rick Perry,0.2074252341390689,Jake T. Austin,0.13379223657536662,Maureen McCormick,0.12969005256948563,False,
23,2,direct,percent,Jake T. Austin,0.12476418386781168,Rick Perry,0.1890068377809102,Ryan Lochte,0.125492776257021,Jake T. Austin,0.12476418386781168,False,
23,3,direct,percent,Rick Perry,0.177572726682132,Rick Perry,0.177572726682132,Vanilla Ice,0.16888114941918508,Ryan Lochte,0.11398324701861139,True,
23,4,direct,percent,Babyface,0.30968898455688787,Babyface,0.30968898455688787,Marilu Henner,0.13698235795937574,Ryan Lochte,0.11220388056974882,True,
23,5,direct,percent,,,Ryan Lochte,0.17384980779265996,Amber Rose,0.16661304820877015,Maureen McCormick,0.1651270807536909,False,
23,6,direct,percent,Amber Rose,0.2968312470527614,Amber Rose,0.2968312470527614,Ryan Lochte,0.19331412607730047,Terra Jole,0.18798940904250921,True,
23,7,direct,percent,Maureen McCormick,0.17227127039349593,Marilu Henner,0.22201895840400734,Ryan Lochte,0.18253117842086566,Maureen McCormick,0.17227127039349593,False,
23,8,direct,percent,Ryan Lochte,0.1663822881204406,Marilu Henner,0.4207526834138635,Terra Jole,0.3211555891062535,Ryan Lochte,0.1663822881204406,False,
23,9,direct,percent,Marilu Henner,0.2795275042131903,Marilu Henner,0.2795275042131903,James Hinchcliffe,0.2613179755140881,Calvin Johnson Jr.,0.17862657101301682,True,
23,10,direct,percent,Terra Jole,0.1267505942248023,Calvin Johnson Jr.,0.3816093963133478,Jana Kramer,0.23346433078899922,James Hinchcliffe,0.1442312946878647,False,
23,11,direct,percent,Jana Kramer,0.7016945524549469,Jana Kramer,0.7016945524549469,Calvin Johnson Jr.,0.125782366101726,James Hinchcliffe,0.08945386889033029,True,
24,1,direct,percent,,,Chris Kattan,0.33372307362762793,Mr. T,0.17119225794484558,Charo,0.13022358333623746,False,
24,2,direct,percent,Chris Kattan,0.2101071243856692,Mr. T,0.2167360187382255,Chris Kattan,0.2101071243856692,Nick Viall,0.10993176924880428,True,
24,3,direct,percent,Charo,0.1847126792216045,Mr. T,0.1928533236402255,Charo,0.1847126792216045,Bonner Bolton,0.17491363620762507,True,
24,4,direct,percent,Mr. T,0.23954076247551873,Mr. T,0.23954076247551873,Nick Viall,0.14924879117800513,Erika Jayne,0.14914300535749328,True,
24,5,direct,percent,Erika Jayne,0.1377640896702408,David Ross,0.2510638503079199,Bonner Bolton,0.2031886283447247,Erika Jayne,0.1377640896702408,False,
24,6,direct,percent,Heather Morris,0.04276377743099116,Nick Viall,0.2670226186343299,David Ross,0.1991318875910391,Bonner Bolton,0.17909620226143821,False,
24,7,direct,percent,Nancy Kerrigan,0.0954615658777785,Bonner Bolton,0.36675434024537606,David Ross,0.2642642147850705,Nick Viall,0.1767364448152563,False,
24,8,direct,percent,Bonner Bolton,0.7405217588106606,Bonner Bolton,0.7405217588106606,David Ross,0.17139560401958007,Simone Biles,0.0513802546664485,True,
24,9,direct,percent,Simone Biles,0.06264232113902332,David Ross,0.6552370465382523,Normani,0.1622740849845085,Rashad Jennings,0.11984654733821624,False,
24,10,direct,percent,,,David Ross,0.7858825594004453,Normani,0.12172573024590659,Rashad Jennings,0.09239171035364821,False,
25,1,direct,percent,,,Barbara Corcoran,0.2195094429101655,Terrell Owens,0.1674171420023847,Drew Scott,0.11685043448962688,False,
25,2,direct,percent,Barbara Corcoran,0.19191858756141172,Barbara Corcoran,0.19191858756141172,Nick Lachey,0.11820873668487959,Derek Fisher,0.11399672898780715,True,
25,3,direct,percent,,,Sasha Pieterse,0.2009208142307834,Nick Lachey,0.11521418469879248,Terrell Owens,0.11188539295541862,False,
25,4,direct,percent,Derek Fisher,0.12942081717340428,Nick Lachey,0.17915968423250173,Derek Fisher,0.12942081717340428,Terrell Owens,0.09884027775464344,True,
25,5,direct,percent,Sasha Pieterse,0.14424496916494134,Nick Lachey,0.27100186307727736,Sasha Pieterse,0.14424496916494134,Vanessa Lachey,0.14395015244074186,True,
25,6,direct,percent,Nick Lachey,0.4415919879537447,Nick Lachey,0.4415919879537447,Drew Scott,0.1536342951233984,Victoria Arlen,0.13263194897426756,True,
25,7,direct,percent,Nikki Bella,0.27000552293244895,Nikki Bella,0.27000552293244895,Terrell Owens,0.24185894627445492,Lindsey Stirling,0.15520516981950597,True,
25,8,direct,percent,Terrell Owens,0.1540961033418336,Drew Scott,0.3550813833330284,Victoria Arlen,0.31740553539606087,Terrell Owens,0.1540961033418336,False,
25,9,direct,percent,Victoria Arlen,0.07217912576250363,Drew Scott,0.5762025367925796,Frankie Muniz,0.2682488833778512,Victoria Arlen,0.07217912576250363,False,
25,10,direct,percent,Drew Scott,0.5181331225330509,Drew Scott,0.5181331225330509,Frankie Muniz,0.24577691104145843,Jordan Fisher,0.12150853282239518,True,
26,1,direct,percent,Jamie Anderson,0.1470119521651841,Kareem Abdul-Jabbar,0.28228614962193355,Johnny Damon,0.20661538278690594,Jamie Anderson,0.1470119521651841,False,
26,2,direct,percent,Arike Ogunbowale,0.06653691544900327,Kareem Abdul-Jabbar,0.30537724736015753,Jennie Finch Daigle,0.16997882635756914,Josh Norman,0.16520960972572146,False,
26,3,direct,percent,Chris Mazdzer,0.16470347932665091,Jennie Finch Daigle,0.6302549575126405,Chris Mazdzer,0.16470347932665091,Mirai Nagasu,0.08783904305599088,True,
26,4,direct,percent,,,Tonya Harding,0.534597009890362,Josh Norman,0.28983152312545635,Adam Rippon,0.17557146698418077,False,
27,1,direct,percent,Nikki Glaser,0.10712437068073268,Joe Amabile,0.28099813566264725,Nikki Glaser,0.10712437068073268,Danelle Umstead,0.09535234532518844,True,
27,2,direct,percent,Danelle Umstead,0.18583293880754564,Joe Amabile,0.22894883261335805,Danelle Umstead,0.18583293880754564,Bobby Bones,0.12718432994607243,True,
27,3,direct,percent,Nancy McKeon,0.13199930660760317,Joe Amabile,0.34111333243667974,John Schneider,0.16326380989938064,Nancy McKeon,0.13199930660760317,False,
27,4,direct,percent,Tinashe,0.022509377709138027,Joe Amabile,0.5580220976603203,Bobby Bones,0.11485855505074427,John Schneider,0.09649677145601442,False,
27,5,direct,percent,,,Joe Amabile,0.5792210290774038,Bobby Bones,0.15105762838821687,John Schneider,0.06719893975822691,False,
27,6,direct,percent,Mary Lou Retton,0.09853988441401777,John Schneider,0.44580713555586293,Joe Amabile,0.16469178936515236,Bobby Bones,0.1528135268176565,False,
27,7,direct,percent,DeMarcus Ware,0.13864254572671733,Joe Amabile,0.3662401785752483,DeMarcus Ware,0.13864254572671733,Bobby Bones,0.11480743916058939,True,
27,8,direct,percent,Joe Amabile,0.40623934680389934,Bobby Bones,0.4557181258515504,Joe Amabile,0.40623934680389934,Milo Manheim,0.06124038131132487,True,
27,9,direct,percent,,,Bobby Bones,0.5807816149222118,Alexis Ren,0.2436820078670984,Milo Manheim,0.09647988474062472,False,
28,1,bottom2_judgesave,rank,,,Lamar Odom,0.6090162916077261,Sean Spicer,0.14741520992783266,Kate Flannery,0.09772492168655206,False,
28,3,bottom2_judgesave,rank,,,Lamar Odom,0.635693769132487,Sean Spicer,0.14873302289925974,Karamo Brown,0.11676685820257156,False,
28,4,bottom2_judgesave,rank,Lamar Odom,0.6132176978753169,Lamar Odom,0.6132176978753169,Sean Spicer,0.1639749898803285,Kate Flannery,0.12213859617444675,True,
28,5,bottom2_judgesave,rank,,,Sean Spicer,0.40871865978274347,Karamo Brown,0.3164451996491608,Lauren Alaina,0.11996445952165595,False,
28,6,bottom2_judgesave,rank,Sailor Brinkley-Cook,0.004672059329536933,Sean Spicer,0.45602546539548633,Hannah Brown,0.23601172347765745,Ally Brooke,0.11886529650695489,False,
28,7,bottom2_judgesave,rank,Karamo Brown,0.12820082672051947,Sean Spicer,0.4514614453729686,Kate Flannery,0.32945638969731833,Karamo Brown,0.12820082672051947,False,
28,8,bottom2_judgesave,rank,Kate Flannery,0.16940197107107577,Sean Spicer,0.47777897827917776,Lauren Alaina,0.270015465302141,Kate Flannery,0.16940197107107577,False,
28,9,bottom2_judgesave,rank,Sean Spicer,0.5412322642561189,Sean Spicer,0.5412322642561189,Lauren Alaina,0.2462117265422748,Hannah Brown,0.12671164431361534,True,
28,10,bottom2_judgesave,rank,James Van Der Beek,0.6497288368329148,James Van Der Beek,0.6497288368329148,Lauren Alaina,0.16110654550706302,Hannah Brown,0.1595265736679204,True,
28,11,bottom2_judgesave,rank,,,Lauren Alaina,0.6648757685779141,Hannah Brown,0.25345546911501515,Kel Mitchell,0.07885466799833214,False,
29,1,bottom2_judgesave,rank,,,Carole Baskin,0.444699498126931,Charles Oakley,0.3317387017732383,Chrishell Stause,0.11997530941328695,False,
29,2,bottom2_judgesave,rank,Charles Oakley,0.5417303806856032,Charles Oakley,0.5417303806856032,Skai Jackson,0.17205355694254232,Monica Aldama,0.12670053192892825,True,
29,3,bottom2_judgesave,rank,Carole Baskin,0.5727464396315239,Carole Baskin,0.5727464396315239,Anne Heche,0.25708977612412387,Skai Jackson,0.04421620653023273,True,
29,4,bottom2_judgesave,rank,Anne Heche,0.3106705009651044,Anne Heche,0.3106705009651044,Jesse Metcalfe,0.2240841831177987,Jeannie Mai,0.20119703152957366,True,
29,5,bottom2_judgesave,rank,Jesse Metcalfe,0.32642784405783043,Chrishell Stause,0.42941304654270357,Jesse Metcalfe,0.32642784405783043,Veron Davis,0.15292698652033299,True,
29,6,bottom2_judgesave,rank,Veron Davis,0.4019058957075522,Veron Davis,0.4019058957075522,Skai Jackson,0.3599930552954102,Johnny Weir,0.10772104668962186,True,
29,8,bottom2_judgesave,rank,Chrishell Stause,0.21790556447650042,Nelly,0.36865095224256333,Chrishell Stause,0.21790556447650042,AJ McLean,0.1765525155380152,True,
29,9,bottom2_judgesave,rank,AJ McLean,0.36584282585630057,Nelly,0.38468691720471676,AJ McLean,0.36584282585630057,Justina Machado,0.14559917148252127,True,
29,10,bottom2_judgesave,rank,Johnny Weir,0.2755303349740997,Nelly,0.4202299188771572,Johnny Weir,0.2755303349740997,Skai Jackson,0.19583746923313436,True,
29,11,bottom2_judgesave,rank,,,Nelly,0.5815349988267913,Nev Schulman,0.14608864425605636,Kaitlyn Bristowe,0.14526962180458405,False,
30,1,bottom2_judgesave,rank,,,Martin Kove,0.735399882452803,Iman Shumpert,0.06451032039826816,Jimmie Allen,0.051082801435477436,False,
30,2,bottom2_judgesave,rank,Martin Kove,0.6648024464861976,Martin Kove,0.6648024464861976,Matt James,0.1648039545980406,Brian Austin Green,0.0737610442724564,True,
30,3,bottom2_judgesave,rank,Christine Chiu,0.047565878232812574,Brian Austin Green,0.31384870517802105,Cody Rigsby,0.20694207113020288,Iman Shumpert,0.1366238189517796,False,
30,4,bottom2_judgesave,rank,Brian Austin Green,0.536011687436921,Brian Austin Green,0.536011687436921,Matt James,0.20862939020881427,Kenya Moore,0.13460317614927164,True,
30,5,bottom2_judgesave,rank,Melanie C,0.04055573910971232,Iman Shumpert,0.3984521176656153,"Mike ""The Miz"" Mizanin",0.28056602696563526,Cody Rigsby,0.09622273770319187,False,
30,6,bottom2_judgesave,rank,Kenya Moore,0.5994234142814621,Kenya Moore,0.5994234142814621,Melora Hardin,0.16986981634840184,"Mike ""The Miz"" Mizanin",0.14981380399331812,True,
30,7,bottom2_judgesave,rank,"Mike ""The Miz"" Mizanin",0.594222105561153,"Mike ""The Miz"" Mizanin",0.594222105561153,Amanda Kloots,0.16187196077681223,Suni Lee,0.11377033947372561,True,
30,8,bottom2_judgesave,rank,Jimmie Allen,0.47717647665104,Jimmie Allen,0.47717647665104,Iman Shumpert,0.2284641870369484,Olivia Jade,0.18700985557067226,True,
30,9,bottom2_judgesave,rank,Melora Hardin,0.4161437555470766,Melora Hardin,0.4161437555470766,Cody Rigsby,0.39937217480688164,Suni Lee,0.09114934839953194,True,
30,10,bottom2_judgesave,rank,,,Cody Rigsby,0.589471524481221,Amanda Kloots,0.3301240103622464,JoJo Siwa,0.04032041378990327,False,
31,1,bottom2_judgesave,rank,Jason Lewis,0.5671691271071772,Jason Lewis,0.5671691271071772,Vinny Guadagnino,0.16445341918356332,Teresa Giudice,0.08148874544263365,True,
31,2,bottom2_judgesave,rank,Teresa Giudice,0.33595761537953067,Cheryl Ladd,0.3598815107529867,Teresa Giudice,0.33595761537953067,Joseph Baena,0.19352410501299122,True,
31,3,bottom2_judgesave,rank,Cheryl Ladd,0.30242967225770306,Cheryl Ladd,0.30242967225770306,Vinny Guadagnino,0.22258098438136667,Trevor Donovan,0.1511311357941853,True,
31,4,bottom2_judgesave,rank,Sam Champion,0.38087902932822454,Sam Champion,0.38087902932822454,Joseph Baena,0.296051528026123,Trevor Donovan,0.23508317135671936,True,
31,6,bottom2_judgesave,rank,Jessie James Decker,0.23770580707188624,Vinny Guadagnino,0.335535016969134,Jessie James Decker,0.23770580707188624,Jordin Sparks,0.15913946912732535,True,
31,7,bottom2_judgesave,rank,Jordin Sparks,0.4317609410603371,Jordin Sparks,0.4317609410603371,Vinny Guadagnino,0.35414165415212673,Heidi D'Amelio,0.13659530837936718,True,
31,8,bottom2_judgesave,rank,Heidi D'Amelio,0.4155061636889234,Heidi D'Amelio,0.4155061636889234,Vinny Guadagnino,0.39758058540086477,Trevor Donovan,0.09536827576800501,True,
31,9,bottom2_judgesave,rank,Daniel Durant,0.17986935858830372,Trevor Donovan,0.6731521397013566,Daniel Durant,0.17986935858830372,Wayne Brady,0.07264933894634676,True,
31,10,bottom2_judgesave,rank,,,Wayne Brady,0.5051552287383855,Shangela,0.44241785365551517,Charli D'Amelio,0.026219211635372563,False,
32,1,bottom2_judgesave,rank,Matt Walsh,0.4026435672835744,Matt Walsh,0.4026435672835744,Tyson Beckford,0.32588506115156385,Harry Jowsey,0.15203079314902243,True,
32,2,bottom2_judgesave,rank,Jamie Lynn Spears,0.07617112417100683,Mauricio Umansky,0.42194952816307213,Adrian Peterson,0.2097832523176286,Harry Jowsey,0.11710188161732811,False,
32,3,bottom2_judgesave,rank,Tyson Beckford,0.5813460641114797,Tyson Beckford,0.5813460641114797,Adrian Peterson,0.22885688643623572,Mauricio Umansky,0.08090742125919459,True,
32,4,bottom2_judgesave,rank,Adrian Peterson,0.07301263773186319,Alyson Hannigan,0.3086058112353808,Barry Williams,0.2580678454105086,Mauricio Umansky,0.19192171363396826,False,
32,5,bottom2_judgesave,rank,Mira Sorvino,0.20611659402571864,Harry Jowsey,0.4144673526505874,Alyson Hannigan,0.2148367427862695,Mira Sorvino,0.20611659402571864,False,
32,6,bottom2_judgesave,rank,Mauricio Umansky,0.09491034456033556,Harry Jowsey,0.41572377334453214,Alyson Hannigan,0.2580615248880739,Barry Williams,0.12760686047048006,False,
32,7,bottom2_judgesave,rank,Lele Pons,0.03108050689189194,Harry Jowsey,0.4757535856993849,Barry Williams,0.2582633061731012,Alyson Hannigan,0.1059308231838073,False,
32,8,bottom2_judgesave,rank,Barry Williams,0.1206852620614363,Harry Jowsey,0.53213368243311,Jason Mraz,0.22027742034692757,Barry Williams,0.1206852620614363,False,
32,9,bottom2_judgesave,rank,Harry Jowsey,0.4937180082844525,Harry Jowsey,0.4937180082844525,Alyson Hannigan,0.2757669831225565,Ariana Madix,0.15899346322701338,True,
32,10,bottom2_judgesave,rank,,,Alyson Hannigan,0.5749001973419873,Jason Mraz,0.2299052448170105,Ariana Madix,0.1513600433498043,False,
32,11,bottom2_judgesave,rank,,,Alyson Hannigan,0.5688944912945425,Ariana Madix,0.20786958481015202,Charity Lawson,0.18576268998298576,False,
33,1,bottom2_judgesave,rank,,,Eric Roberts,0.41725593393690413,Tori Spelling,0.2138087304512946,Reginald VelJohnson,0.198459775177202,False,
33,2,bottom2_judgesave,rank,Anna Delvey,0.19528349355278893,Eric Roberts,0.34015320375849517,Reginald VelJohnson,0.29645826503582584,Anna Delvey,0.19528349355278893,False,
33,3,bottom2_judgesave,rank,Eric Roberts,0.26949920373804953,Reginald VelJohnson,0.4579983246585351,Eric Roberts,0.26949920373804953,Dwight Howard ,0.11746426572553274,True,
33,4,bottom2_judgesave,rank,Brooks Nader,0.11558316329659522,Dwight Howard ,0.47328525374596886,Brooks Nader,0.11558316329659522,Jenn Tran,0.11530404198817185,True,
33,5,bottom2_judgesave,rank,Phaedra Parks,0.3116655717102819,Phaedra Parks,0.3116655717102819,Stephen Nedoroscik,0.29513662299537424,Dwight Howard ,0.2749072008691632,True,
33,6,bottom2_judgesave,rank,Jenn Tran,0.0391535220619562,Ilona Maher,0.5887815778361737,Danny Amendola,0.17009070788386896,Stephen Nedoroscik,0.15840847695023988,False,
33,7,bottom2_judgesave,rank,Dwight Howard ,0.5221966889332607,Dwight Howard ,0.5221966889332607,Danny Amendola,0.2795600697960371,Ilona Maher,0.13404888651136027,True,
33,8,bottom2_judgesave,rank,,,Stephen Nedoroscik,0.5834746244130179,Danny Amendola,0.2842520093119621,Ilona Maher,0.09879435689525609,False,
33,9,bottom2_judgesave,rank,,,Danny Amendola,0.6119203473888573,Ilona Maher,0.2664636563043877,Joey Graziadei,0.06298155726743158,False,
34,1,bottom2_judgesave,rank,,,Corey Feldman,0.4875801906578165,Andy Richter,0.17270076651260619,Baron Davis,0.10455482567153332,False,
34,2,bottom2_judgesave,rank,Baron Davis,0.11903638521654276,Corey Feldman,0.6093506502602072,Andy Richter,0.12320595541863999,Baron Davis,0.11903638521654276,False,
34,3,bottom2_judgesave,rank,Lauren Jauregui,0.4427603572427997,Lauren Jauregui,0.4427603572427997,Andy Richter,0.2205097584806119,Jen Affleck,0.1948313120167712,True,
34,4,bottom2_judgesave,rank,Hilaria Baldwin,0.02567213209198993,Andy Richter,0.37893030321038135,Danielle Fishel,0.2741310007687062,Scott Hoying,0.19487955017796182,False,
34,5,bottom2_judgesave,rank,,,Andy Richter,0.37157490311871083,Danielle Fishel,0.2460486208426547,Jen Affleck,0.24567296496546917,False,
34,6,bottom2_judgesave,rank,Scott Hoying,0.31302955629675155,Andy Richter,0.37299696167129853,Scott Hoying,0.31302955629675155,Jen Affleck,0.14609885006532725,True,
34,7,bottom2_judgesave,rank,Jen Affleck,0.20733261364087066,Andy Richter,0.37768226925154175,Elaine Hendrix,0.25715144760509695,Jen Affleck,0.20733261364087066,False,
34,8,bottom2_judgesave,rank,Danielle Fishel,0.3132018721889399,Andy Richter,0.45377738006674484,Danielle Fishel,0.3132018721889399,Elaine Hendrix,0.1122852626602662,True,
34,9,bottom2_judgesave,rank,Andy Richter,0.4959831441822902,Andy Richter,0.4959831441822902,Elaine Hendrix,0.25162225976221936,Jordan Chiles,0.1534916527689241,True,
34,10,bottom2_judgesave,rank,Whitney Leavitt,0.046896348917658155,Dylan Efron,0.5239413141436128,Jordan Chiles,0.2153224451301768,Elaine Hendrix,0.17418043592320157,False,
34,11,bottom2_judgesave,rank,,,Elaine Hendrix,0.5755492743989301,Dylan Efron,0.24574862462107633,Jordan Chiles,0.08709469019887872,False,
